event_id,source_storm_id,storm_name,season_year,storm_start_date,storm_end_date,event_date,two_week_period,storm_lifetime_category,storm_lifetime_severity,historical_category,severity_class,country_impact_start_date,country_impact_end_date,country_impact_date,country_impact_date_status,country_impact_date_basis,country_impact_category,country_impact_category_status,country_impact_category_basis,country_impact_severity,affected_country,affected_country_code,evidence_basis,evidence_ids,no_affected,no_affected_status,total_affected,total_affected_status,event_year_population,population_unit,no_affected_pct_population,total_affected_pct_population,native_demand_basis,native_demand_value,native_demand_unit,demand_cap,source_dataset,source_reference,source_locator,provenance_class,reconstruction_status,transformation_rule,notes
AL022018,AL022018,BERYL,2018,2018-07-04,2018-07-17,2018-07-04,,H1,Mild,H1,Mild,2018-07-09,2018-07-09,2018-07-09,RESOLVED,CHN_EXPLICIT_DATE,TS_OR_LOWER,RESOLVED,HURDAT_AT_CHN_IMPACT_DATE_PLUS_MINUS_1_DAY,Mild,Dominica,DMA,CHN,CHN-TDPD-20180709-065,,MISSING,,MISSING,68174,persons,,,NOT_GENERATED_R6I_SCOPE,,,,CARIBBEAN_HURRICANE_NETWORK,CHN_CURRENT_TDPD_ALL_ISL,TDPD_all_isl.htm:storm_row:65,RECONSTRUCTED,SOURCE_SUPPORTED,included iff at least one confirmed CHN explicit or EM-DAT explicit matched country-impact record; impact timing/category use only country-specific CHN date or EM-DAT window evidence; storm-lifetime maximum is never substituted,"event_date is a compatibility alias for storm_start_date, not country-impact timing. historical_category/severity_class are storm-lifetime aliases, not country-impact intensity. Not an assertion of the unpublished Balcik mapping."
AL022018,AL022018,BERYL,2018,2018-07-04,2018-07-17,2018-07-04,,H1,Mild,H1,Mild,2018-07-09,2018-07-09,2018-07-09,RESOLVED,CHN_EXPLICIT_DATE,TS_OR_LOWER,RESOLVED,HURDAT_AT_CHN_IMPACT_DATE_PLUS_MINUS_1_DAY,Mild,Montserrat,MSR,CHN,CHN-TKMN-20180709-066,,MISSING,,MISSING,4569,persons,,,NOT_GENERATED_R6I_SCOPE,,,,CARIBBEAN_HURRICANE_NETWORK,CHN_CURRENT_TKMN_ALL_ISL,TKMN_all_isl.htm:storm_row:66,RECONSTRUCTED,SOURCE_SUPPORTED,included iff at least one confirmed CHN explicit or EM-DAT explicit matched country-impact record; impact timing/category use only country-specific CHN date or EM-DAT window evidence; storm-lifetime maximum is never substituted,"event_date is a compatibility alias for storm_start_date, not country-impact timing. historical_category/severity_class are storm-lifetime aliases, not country-impact intensity. Not an assertion of the unpublished Balcik mapping."
AL092018,AL092018,ISAAC,2018,2018-09-07,2018-09-15,2018-09-07,,H1,Mild,H1,Mild,2018-09-13,2018-09-13,2018-09-13,RESOLVED,CHN_EXPLICIT_DATE,TS_OR_LOWER,RESOLVED,HURDAT_AT_CHN_IMPACT_DATE_PLUS_MINUS_1_DAY,Mild,Dominica,DMA,CHN,CHN-TDPD-20180913-066,,MISSING,,MISSING,68174,persons,,,NOT_GENERATED_R6I_SCOPE,,,,CARIBBEAN_HURRICANE_NETWORK,CHN_CURRENT_TDPD_ALL_ISL,TDPD_all_isl.htm:storm_row:66,RECONSTRUCTED,SOURCE_SUPPORTED,included iff at least one confirmed CHN explicit or EM-DAT explicit matched country-impact record; impact timing/category use only country-specific CHN date or EM-DAT window evidence; storm-lifetime maximum is never substituted,"event_date is a compatibility alias for storm_start_date, not country-impact timing. historical_category/severity_class are storm-lifetime aliases, not country-impact intensity. Not an assertion of the unpublished Balcik mapping."
AL122018,AL122018,KIRK,2018,2018-09-22,2018-09-28,2018-09-22,,TS_OR_LOWER,Mild,TS_OR_LOWER,Mild,2018-09-27,2018-09-27,2018-09-27,RESOLVED,CHN_EXPLICIT_DATE,TS_OR_LOWER,RESOLVED,HURDAT_AT_CHN_IMPACT_DATE_PLUS_MINUS_1_DAY,Mild,Barbados,BRB,CHN,CHN-TBPB-20180927-059,,MISSING,,MISSING,280711,persons,,,NOT_GENERATED_R6I_SCOPE,,,,CARIBBEAN_HURRICANE_NETWORK,CHN_CURRENT_TBPB_ALL_ISL,TBPB_all_isl.htm:storm_row:59,RECONSTRUCTED,SOURCE_SUPPORTED,included iff at least one confirmed CHN explicit or EM-DAT explicit matched country-impact record; impact timing/category use only country-specific CHN date or EM-DAT window evidence; storm-lifetime maximum is never substituted,"event_date is a compatibility alias for storm_start_date, not country-impact timing. historical_category/severity_class are storm-lifetime aliases, not country-impact intensity. Not an assertion of the unpublished Balcik mapping."
AL122018,AL122018,KIRK,2018,2018-09-22,2018-09-28,2018-09-22,,TS_OR_LOWER,Mild,TS_OR_LOWER,Mild,2018-09-28,2018-09-28,2018-09-28,RESOLVED,CHN_EXPLICIT_DATE,TS_OR_LOWER,RESOLVED,HURDAT_AT_CHN_IMPACT_DATE_PLUS_MINUS_1_DAY,Mild,Saint Lucia,LCA,CHN,CHN-TLPC-20180928-062,,MISSING,,MISSING,177017,persons,,,NOT_GENERATED_R6I_SCOPE,,,,CARIBBEAN_HURRICANE_NETWORK,CHN_CURRENT_TLPC_ALL_ISL,TLPC_all_isl.htm:storm_row:62,RECONSTRUCTED,SOURCE_SUPPORTED,included iff at least one confirmed CHN explicit or EM-DAT explicit matched country-impact record; impact timing/category use only country-specific CHN date or EM-DAT window evidence; storm-lifetime maximum is never substituted,"event_date is a compatibility alias for storm_start_date, not country-impact timing. historical_category/severity_class are storm-lifetime aliases, not country-impact intensity. Not an assertion of the unpublished Balcik mapping."
AL122018,AL122018,KIRK,2018,2018-09-22,2018-09-28,2018-09-22,,TS_OR_LOWER,Mild,TS_OR_LOWER,Mild,2018-09-28,2018-09-28,2018-09-28,RESOLVED,CHN_EXPLICIT_DATE,TS_OR_LOWER,RESOLVED,HURDAT_AT_CHN_IMPACT_DATE_PLUS_MINUS_1_DAY,Mild,Saint Vincent and the Grenadines,VCT,CHN,CHN-TVSV-20180928-057,,MISSING,,MISSING,104926,persons,,,NOT_GENERATED_R6I_SCOPE,,,,CARIBBEAN_HURRICANE_NETWORK,CHN_CURRENT_TVSV_ALL_ISL,TVSV_all_isl.htm:storm_row:57,RECONSTRUCTED,SOURCE_SUPPORTED,included iff at least one confirmed CHN explicit or EM-DAT explicit matched country-impact record; impact timing/category use only country-specific CHN date or EM-DAT window evidence; storm-lifetime maximum is never substituted,"event_date is a compatibility alias for storm_start_date, not country-impact timing. historical_category/severity_class are storm-lifetime aliases, not country-impact intensity. Not an assertion of the unpublished Balcik mapping."
AL052019,AL052019,DORIAN,2019,2019-08-24,2019-09-09,2019-08-24,,H5,Very Strong,H5,Very Strong,,,,CONFLICT,MULTIPLE_CHN_DATES,H5,RESOLVED,HURDAT_AT_CHN_IMPACT_DATE_PLUS_MINUS_1_DAY,Very Strong,Bahamas,BHS,BOTH,CHN-MYAB-20190901-085|CHN-MYGF-20190902-080|EMDAT-2019-0412-BHS,14940,OBSERVED,14940,OBSERVED,394675,persons,3.785393,3.785393,NOT_GENERATED_R6I_SCOPE,,,,CHN+EM_DAT,CHN_CURRENT_MYAB_ALL_ISL|CHN_CURRENT_MYGF_ALL_ISL|EMDAT_PUBLIC_CUSTOM_REQUEST_2018_2025_2026_08_28,EM-DAT Data!row:30|MYAB_all_isl.htm:storm_row:85|MYGF_all_isl.htm:storm_row:80,RECONSTRUCTED,SOURCE_SUPPORTED,included iff at least one confirmed CHN explicit or EM-DAT explicit matched country-impact record; impact timing/category use only country-specific CHN date or EM-DAT window evidence; storm-lifetime maximum is never substituted,"event_date is a compatibility alias for storm_start_date, not country-impact timing. historical_category/severity_class are storm-lifetime aliases, not country-impact intensity. Not an assertion of the unpublished Balcik mapping."
AL052019,AL052019,DORIAN,2019,2019-08-24,2019-09-09,2019-08-24,,H5,Very Strong,H5,Very Strong,2019-08-27,2019-08-27,2019-08-27,RESOLVED,CHN_EXPLICIT_DATE,H1,RESOLVED,HURDAT_AT_CHN_IMPACT_DATE_PLUS_MINUS_1_DAY,Mild,Barbados,BRB,CHN,CHN-TBPB-20190827-060,,MISSING,,MISSING,281207,persons,,,NOT_GENERATED_R6I_SCOPE,,,,CARIBBEAN_HURRICANE_NETWORK,CHN_CURRENT_TBPB_ALL_ISL,TBPB_all_isl.htm:storm_row:60,RECONSTRUCTED,SOURCE_SUPPORTED,included iff at least one confirmed CHN explicit or EM-DAT explicit matched country-impact record; impact timing/category use only country-specific CHN date or EM-DAT window evidence; storm-lifetime maximum is never substituted,"event_date is a compatibility alias for storm_start_date, not country-impact timing. historical_category/severity_class are storm-lifetime aliases, not country-impact intensity. Not an assertion of the unpublished Balcik mapping."
AL052019,AL052019,DORIAN,2019,2019-08-24,2019-09-09,2019-08-24,,H5,Very Strong,H5,Very Strong,2019-08-27,2019-08-27,2019-08-27,RESOLVED,CHN_EXPLICIT_DATE,H1,RESOLVED,HURDAT_AT_CHN_IMPACT_DATE_PLUS_MINUS_1_DAY,Mild,Dominica,DMA,CHN,CHN-TDPD-20190827-067,,MISSING,,MISSING,67880,persons,,,NOT_GENERATED_R6I_SCOPE,,,,CARIBBEAN_HURRICANE_NETWORK,CHN_CURRENT_TDPD_ALL_ISL,TDPD_all_isl.htm:storm_row:67,RECONSTRUCTED,SOURCE_SUPPORTED,included iff at least one confirmed CHN explicit or EM-DAT explicit matched country-impact record; impact timing/category use only country-specific CHN date or EM-DAT window evidence; storm-lifetime maximum is never substituted,"event_date is a compatibility alias for storm_start_date, not country-impact timing. historical_category/severity_class are storm-lifetime aliases, not country-impact intensity. Not an assertion of the unpublished Balcik mapping."
AL052019,AL052019,DORIAN,2019,2019-08-24,2019-09-09,2019-08-24,,H5,Very Strong,H5,Very Strong,2019-08-27,2019-08-27,2019-08-27,RESOLVED,CHN_EXPLICIT_DATE,H1,RESOLVED,HURDAT_AT_CHN_IMPACT_DATE_PLUS_MINUS_1_DAY,Mild,Saint Lucia,LCA,CHN,CHN-TLPC-20190827-063,,MISSING,,MISSING,177661,persons,,,NOT_GENERATED_R6I_SCOPE,,,,CARIBBEAN_HURRICANE_NETWORK,CHN_CURRENT_TLPC_ALL_ISL,TLPC_all_isl.htm:storm_row:63,RECONSTRUCTED,SOURCE_SUPPORTED,included iff at least one confirmed CHN explicit or EM-DAT explicit matched country-impact record; impact timing/category use only country-specific CHN date or EM-DAT window evidence; storm-lifetime maximum is never substituted,"event_date is a compatibility alias for storm_start_date, not country-impact timing. historical_category/severity_class are storm-lifetime aliases, not country-impact intensity. Not an assertion of the unpublished Balcik mapping."
AL052019,AL052019,DORIAN,2019,2019-08-24,2019-09-09,2019-08-24,,H5,Very Strong,H5,Very Strong,2019-08-27,2019-08-27,2019-08-27,RESOLVED,CHN_EXPLICIT_DATE,H1,RESOLVED,HURDAT_AT_CHN_IMPACT_DATE_PLUS_MINUS_1_DAY,Mild,Saint Vincent and the Grenadines,VCT,CHN,CHN-TVSV-20190827-058,,MISSING,,MISSING,104167,persons,,,NOT_GENERATED_R6I_SCOPE,,,,CARIBBEAN_HURRICANE_NETWORK,CHN_CURRENT_TVSV_ALL_ISL,TVSV_all_isl.htm:storm_row:58,RECONSTRUCTED,SOURCE_SUPPORTED,included iff at least one confirmed CHN explicit or EM-DAT explicit matched country-impact record; impact timing/category use only country-specific CHN date or EM-DAT window evidence; storm-lifetime maximum is never substituted,"event_date is a compatibility alias for storm_start_date, not country-impact timing. historical_category/severity_class are storm-lifetime aliases, not country-impact intensity. Not an assertion of the unpublished Balcik mapping."
AL052019,AL052019,DORIAN,2019,2019-08-24,2019-09-09,2019-08-24,,H5,Very Strong,H5,Very Strong,2019-08-28,2019-08-28,2019-08-28,RESOLVED,CHN_EXPLICIT_DATE,H1,RESOLVED,HURDAT_AT_CHN_IMPACT_DATE_PLUS_MINUS_1_DAY,Mild,British Virgin Islands,VGB,CHN,CHN-TUAN-20190828-066|CHN-TUPJ-20190828-066|CHN-TUVG-20190828-064,,MISSING,,MISSING,36394,persons,,,NOT_GENERATED_R6I_SCOPE,,,,CARIBBEAN_HURRICANE_NETWORK,CHN_CURRENT_TUAN_ALL_ISL|CHN_CURRENT_TUPJ_ALL_ISL|CHN_CURRENT_TUVG_ALL_ISL,TUAN_all_isl.htm:storm_row:66|TUPJ_all_isl.htm:storm_row:66|TUVG_all_isl.htm:storm_row:64,RECONSTRUCTED,SOURCE_SUPPORTED,included iff at least one confirmed CHN explicit or EM-DAT explicit matched country-impact record; impact timing/category use only country-specific CHN date or EM-DAT window evidence; storm-lifetime maximum is never substituted,"event_date is a compatibility alias for storm_start_date, not country-impact timing. historical_category/severity_class are storm-lifetime aliases, not country-impact intensity. Not an assertion of the unpublished Balcik mapping."
AL092019,AL092019,HUMBERTO,2019,2019-09-12,2019-09-20,2019-09-12,,H3,Strong,H3,Strong,2019-09-15,2019-09-15,2019-09-15,RESOLVED,CHN_EXPLICIT_DATE,H1,RESOLVED,HURDAT_AT_CHN_IMPACT_DATE_PLUS_MINUS_1_DAY,Mild,Bahamas,BHS,CHN,CHN-MYAB-20190915-086,,MISSING,,MISSING,394675,persons,,,NOT_GENERATED_R6I_SCOPE,,,,CARIBBEAN_HURRICANE_NETWORK,CHN_CURRENT_MYAB_ALL_ISL,MYAB_all_isl.htm:storm_row:86,RECONSTRUCTED,SOURCE_SUPPORTED,included iff at least one confirmed CHN explicit or EM-DAT explicit matched country-impact record; impact timing/category use only country-specific CHN date or EM-DAT window evidence; storm-lifetime maximum is never substituted,"event_date is a compatibility alias for storm_start_date, not country-impact timing. historical_category/severity_class are storm-lifetime aliases, not country-impact intensity. Not an assertion of the unpublished Balcik mapping."
AL092019,AL092019,HUMBERTO,2019,2019-09-12,2019-09-20,2019-09-12,,H3,Strong,H3,Strong,2019-09-19,2019-09-19,2019-09-19,RESOLVED,CHN_EXPLICIT_DATE,H3,RESOLVED,HURDAT_AT_CHN_IMPACT_DATE_PLUS_MINUS_1_DAY,Strong,Bermuda,BMU,CHN,CHN-TXKF-20190919-069,,MISSING,,MISSING,64107,persons,,,NOT_GENERATED_R6I_SCOPE,,,,CARIBBEAN_HURRICANE_NETWORK,CHN_CURRENT_TXKF_ALL_ISL,TXKF_all_isl.htm:storm_row:69,RECONSTRUCTED,SOURCE_SUPPORTED,included iff at least one confirmed CHN explicit or EM-DAT explicit matched country-impact record; impact timing/category use only country-specific CHN date or EM-DAT window evidence; storm-lifetime maximum is never substituted,"event_date is a compatibility alias for storm_start_date, not country-impact timing. historical_category/severity_class are storm-lifetime aliases, not country-impact intensity. Not an assertion of the unpublished Balcik mapping."
AL122019,AL122019,KAREN,2019,2019-09-22,2019-09-27,2019-09-22,,TS_OR_LOWER,Mild,TS_OR_LOWER,Mild,2019-09-22,2019-09-22,2019-09-22,RESOLVED,CHN_EXPLICIT_DATE,TS_OR_LOWER,RESOLVED,HURDAT_AT_CHN_IMPACT_DATE_PLUS_MINUS_1_DAY,Mild,Grenada,GRD,CHN,CHN-TGPY-20190922-036,,MISSING,,MISSING,115982,persons,,,NOT_GENERATED_R6I_SCOPE,,,,CARIBBEAN_HURRICANE_NETWORK,CHN_CURRENT_TGPY_ALL_ISL,TGPY_all_isl.htm:storm_row:36,RECONSTRUCTED,SOURCE_SUPPORTED,included iff at least one confirmed CHN explicit or EM-DAT explicit matched country-impact record; impact timing/category use only country-specific CHN date or EM-DAT window evidence; storm-lifetime maximum is never substituted,"event_date is a compatibility alias for storm_start_date, not country-impact timing. historical_category/severity_class are storm-lifetime aliases, not country-impact intensity. Not an assertion of the unpublished Balcik mapping."
AL122019,AL122019,KAREN,2019,2019-09-22,2019-09-27,2019-09-22,,TS_OR_LOWER,Mild,TS_OR_LOWER,Mild,2019-09-22,2019-09-22,2019-09-22,RESOLVED,CHN_EXPLICIT_DATE,TS_OR_LOWER,RESOLVED,HURDAT_AT_CHN_IMPACT_DATE_PLUS_MINUS_1_DAY,Mild,Trinidad and Tobago,TTO,CHN,CHN-TTPT-20190922-022,,MISSING,,MISSING,1484894,persons,,,NOT_GENERATED_R6I_SCOPE,,,,CARIBBEAN_HURRICANE_NETWORK,CHN_CURRENT_TTPT_ALL_ISL,TTPT_all_isl.htm:storm_row:22,RECONSTRUCTED,SOURCE_SUPPORTED,included iff at least one confirmed CHN explicit or EM-DAT explicit matched country-impact record; impact timing/category use only country-specific CHN date or EM-DAT window evidence; storm-lifetime maximum is never substituted,"event_date is a compatibility alias for storm_start_date, not country-impact timing. historical_category/severity_class are storm-lifetime aliases, not country-impact intensity. Not an assertion of the unpublished Balcik mapping."
AL122019,AL122019,KAREN,2019,2019-09-22,2019-09-27,2019-09-22,,TS_OR_LOWER,Mild,TS_OR_LOWER,Mild,2019-09-22,2019-09-22,2019-09-22,RESOLVED,CHN_EXPLICIT_DATE,TS_OR_LOWER,RESOLVED,HURDAT_AT_CHN_IMPACT_DATE_PLUS_MINUS_1_DAY,Mild,Saint Vincent and the Grenadines,VCT,CHN,CHN-TVSV-20190922-059,,MISSING,,MISSING,104167,persons,,,NOT_GENERATED_R6I_SCOPE,,,,CARIBBEAN_HURRICANE_NETWORK,CHN_CURRENT_TVSV_ALL_ISL,TVSV_all_isl.htm:storm_row:59,RECONSTRUCTED,SOURCE_SUPPORTED,included iff at least one confirmed CHN explicit or EM-DAT explicit matched country-impact record; impact timing/category use only country-specific CHN date or EM-DAT window evidence; storm-lifetime maximum is never substituted,"event_date is a compatibility alias for storm_start_date, not country-impact timing. historical_category/severity_class are storm-lifetime aliases, not country-impact intensity. Not an assertion of the unpublished Balcik mapping."
AL122019,AL122019,KAREN,2019,2019-09-22,2019-09-27,2019-09-22,,TS_OR_LOWER,Mild,TS_OR_LOWER,Mild,2019-09-24,2019-09-24,2019-09-24,RESOLVED,CHN_EXPLICIT_DATE,TS_OR_LOWER,RESOLVED,HURDAT_AT_CHN_IMPACT_DATE_PLUS_MINUS_1_DAY,Mild,British Virgin Islands,VGB,CHN,CHN-TUAN-20190924-067|CHN-TUPJ-20190924-067|CHN-TUVG-20190924-065,,MISSING,,MISSING,36394,persons,,,NOT_GENERATED_R6I_SCOPE,,,,CARIBBEAN_HURRICANE_NETWORK,CHN_CURRENT_TUAN_ALL_ISL|CHN_CURRENT_TUPJ_ALL_ISL|CHN_CURRENT_TUVG_ALL_ISL,TUAN_all_isl.htm:storm_row:67|TUPJ_all_isl.htm:storm_row:67|TUVG_all_isl.htm:storm_row:65,RECONSTRUCTED,SOURCE_SUPPORTED,included iff at least one confirmed CHN explicit or EM-DAT explicit matched country-impact record; impact timing/category use only country-specific CHN date or EM-DAT window evidence; storm-lifetime maximum is never substituted,"event_date is a compatibility alias for storm_start_date, not country-impact timing. historical_category/severity_class are storm-lifetime aliases, not country-impact intensity. Not an assertion of the unpublished Balcik mapping."
AL132020,AL132020,LAURA,2020,2020-08-20,2020-08-29,2020-08-20,,H4,Very Strong,H4,Very Strong,2020-08-23,2020-08-23,2020-08-23,RESOLVED,EMDAT_SINGLE_DAY,TS_OR_LOWER,RESOLVED,MAX_HURDAT_CATEGORY_WITHIN_EMDAT_IMPACT_WINDOW,Mild,Haiti,HTI,EMDAT,EMDAT-2020-0376-HTI,44175,OBSERVED,44175,OBSERVED,11243848,persons,0.392882,0.392882,NOT_GENERATED_R6I_SCOPE,,,,EM_DAT,EMDAT_PUBLIC_CUSTOM_REQUEST_2018_2025_2026_08_28,EM-DAT Data!row:393,RECONSTRUCTED,SOURCE_SUPPORTED,included iff at least one confirmed CHN explicit or EM-DAT explicit matched country-impact record; impact timing/category use only country-specific CHN date or EM-DAT window evidence; storm-lifetime maximum is never substituted,"event_date is a compatibility alias for storm_start_date, not country-impact timing. historical_category/severity_class are storm-lifetime aliases, not country-impact intensity. Not an assertion of the unpublished Balcik mapping."
AL292020,AL292020,ETA,2020,2020-10-31,2020-11-14,2020-10-31,,H4,Very Strong,H4,Very Strong,2020-11-04,2020-11-04,2020-11-04,RESOLVED,EMDAT_SINGLE_DAY,H2,RESOLVED,MAX_HURDAT_CATEGORY_WITHIN_EMDAT_IMPACT_WINDOW,Mild,Belize,BLZ,EMDAT,EMDAT-2020-0474-BLZ,60000,OBSERVED,60000,OBSERVED,390812,persons,15.352650,15.352650,NOT_GENERATED_R6I_SCOPE,,,,EM_DAT,EMDAT_PUBLIC_CUSTOM_REQUEST_2018_2025_2026_08_28,EM-DAT Data!row:402,RECONSTRUCTED,SOURCE_SUPPORTED,included iff at least one confirmed CHN explicit or EM-DAT explicit matched country-impact record; impact timing/category use only country-specific CHN date or EM-DAT window evidence; storm-lifetime maximum is never substituted,"event_date is a compatibility alias for storm_start_date, not country-impact timing. historical_category/severity_class are storm-lifetime aliases, not country-impact intensity. Not an assertion of the unpublished Balcik mapping."
AL052021,AL052021,ELSA,2021,2021-06-30,2021-07-10,2021-06-30,,H1,Mild,H1,Mild,2021-07-03,2021-07-03,2021-07-03,RESOLVED,EMDAT_SINGLE_DAY,H1,RESOLVED,MAX_HURDAT_CATEGORY_WITHIN_EMDAT_IMPACT_WINDOW,Mild,Barbados,BRB,EMDAT,EMDAT-2021-0373-BRB,3114,OBSERVED,3300,OBSERVED,282146,persons,1.103684,1.169607,NOT_GENERATED_R6I_SCOPE,,,,EM_DAT,EMDAT_PUBLIC_CUSTOM_REQUEST_2018_2025_2026_08_28,EM-DAT Data!row:39,RECONSTRUCTED,SOURCE_SUPPORTED,included iff at least one confirmed CHN explicit or EM-DAT explicit matched country-impact record; impact timing/category use only country-specific CHN date or EM-DAT window evidence; storm-lifetime maximum is never substituted,"event_date is a compatibility alias for storm_start_date, not country-impact timing. historical_category/severity_class are storm-lifetime aliases, not country-impact intensity. Not an assertion of the unpublished Balcik mapping."
AL052021,AL052021,ELSA,2021,2021-06-30,2021-07-10,2021-06-30,,H1,Mild,H1,Mild,2021-07-03,2021-07-03,2021-07-03,RESOLVED,EMDAT_SINGLE_DAY,H1,RESOLVED,MAX_HURDAT_CATEGORY_WITHIN_EMDAT_IMPACT_WINDOW,Mild,Haiti,HTI,EMDAT,EMDAT-2021-0373-HTI,,MISSING,3,OBSERVED,11374586,persons,,0.000026,NOT_GENERATED_R6I_SCOPE,,,,EM_DAT,EMDAT_PUBLIC_CUSTOM_REQUEST_2018_2025_2026_08_28,EM-DAT Data!row:41,RECONSTRUCTED,SOURCE_SUPPORTED,included iff at least one confirmed CHN explicit or EM-DAT explicit matched country-impact record; impact timing/category use only country-specific CHN date or EM-DAT window evidence; storm-lifetime maximum is never substituted,"event_date is a compatibility alias for storm_start_date, not country-impact timing. historical_category/severity_class are storm-lifetime aliases, not country-impact intensity. Not an assertion of the unpublished Balcik mapping."
AL052021,AL052021,ELSA,2021,2021-06-30,2021-07-10,2021-06-30,,H1,Mild,H1,Mild,2021-07-03,2021-07-03,2021-07-03,RESOLVED,EMDAT_SINGLE_DAY,H1,RESOLVED,MAX_HURDAT_CATEGORY_WITHIN_EMDAT_IMPACT_WINDOW,Mild,Saint Lucia,LCA,EMDAT,EMDAT-2021-0373-LCA,,MISSING,,MISSING,178522,persons,,,NOT_GENERATED_R6I_SCOPE,,,,EM_DAT,EMDAT_PUBLIC_CUSTOM_REQUEST_2018_2025_2026_08_28,EM-DAT Data!row:366,RECONSTRUCTED,SOURCE_SUPPORTED,included iff at least one confirmed CHN explicit or EM-DAT explicit matched country-impact record; impact timing/category use only country-specific CHN date or EM-DAT window evidence; storm-lifetime maximum is never substituted,"event_date is a compatibility alias for storm_start_date, not country-impact timing. historical_category/severity_class are storm-lifetime aliases, not country-impact intensity. Not an assertion of the unpublished Balcik mapping."
AL052021,AL052021,ELSA,2021,2021-06-30,2021-07-10,2021-06-30,,H1,Mild,H1,Mild,2021-07-02,2021-07-03,,INTERVAL_ONLY,EMDAT_DATE_WINDOW,H1,RESOLVED,MAX_HURDAT_CATEGORY_WITHIN_EMDAT_IMPACT_WINDOW,Mild,Saint Vincent and the Grenadines,VCT,EMDAT,EMDAT-2021-0373-VCT,129,OBSERVED,129,OBSERVED,102841,persons,0.125436,0.125436,NOT_GENERATED_R6I_SCOPE,,,,EM_DAT,EMDAT_PUBLIC_CUSTOM_REQUEST_2018_2025_2026_08_28,EM-DAT Data!row:43,RECONSTRUCTED,SOURCE_SUPPORTED,included iff at least one confirmed CHN explicit or EM-DAT explicit matched country-impact record; impact timing/category use only country-specific CHN date or EM-DAT window evidence; storm-lifetime maximum is never substituted,"event_date is a compatibility alias for storm_start_date, not country-impact timing. historical_category/severity_class are storm-lifetime aliases, not country-impact intensity. Not an assertion of the unpublished Balcik mapping."
AL062021,AL062021,FRED,2021,2021-08-09,2021-08-20,2021-08-09,,TS_OR_LOWER,Mild,TS_OR_LOWER,Mild,2021-08-12,2021-08-13,,INTERVAL_ONLY,EMDAT_DATE_WINDOW,TS_OR_LOWER,RESOLVED,MAX_HURDAT_CATEGORY_WITHIN_EMDAT_IMPACT_WINDOW,Mild,Haiti,HTI,EMDAT,EMDAT-2021-0510-HTI,,MISSING,,MISSING,11374586,persons,,,NOT_GENERATED_R6I_SCOPE,,,,EM_DAT,EMDAT_PUBLIC_CUSTOM_REQUEST_2018_2025_2026_08_28,EM-DAT Data!row:207,RECONSTRUCTED,SOURCE_SUPPORTED,included iff at least one confirmed CHN explicit or EM-DAT explicit matched country-impact record; impact timing/category use only country-specific CHN date or EM-DAT window evidence; storm-lifetime maximum is never substituted,"event_date is a compatibility alias for storm_start_date, not country-impact timing. historical_category/severity_class are storm-lifetime aliases, not country-impact intensity. Not an assertion of the unpublished Balcik mapping."
AL152022,AL152022,LISA,2022,2022-10-30,2022-11-05,2022-10-30,,H1,Mild,H1,Mild,2022-11-02,2022-11-03,,INTERVAL_ONLY,EMDAT_DATE_WINDOW,H1,RESOLVED,MAX_HURDAT_CATEGORY_WITHIN_EMDAT_IMPACT_WINDOW,Mild,Belize,BLZ,EMDAT,EMDAT-2022-0719-BLZ,172000,OBSERVED,172150,OBSERVED,402733,persons,42.708196,42.745442,NOT_GENERATED_R6I_SCOPE,,,,EM_DAT,EMDAT_PUBLIC_CUSTOM_REQUEST_2018_2025_2026_08_28,EM-DAT Data!row:436,RECONSTRUCTED,SOURCE_SUPPORTED,included iff at least one confirmed CHN explicit or EM-DAT explicit matched country-impact record; impact timing/category use only country-specific CHN date or EM-DAT window evidence; storm-lifetime maximum is never substituted,"event_date is a compatibility alias for storm_start_date, not country-impact timing. historical_category/severity_class are storm-lifetime aliases, not country-impact intensity. Not an assertion of the unpublished Balcik mapping."
AL032023,AL032023,BRET,2023,2023-06-19,2023-06-24,2023-06-19,,TS_OR_LOWER,Mild,TS_OR_LOWER,Mild,2023-06-22,2023-06-23,,INTERVAL_ONLY,EMDAT_DATE_WINDOW,TS_OR_LOWER,RESOLVED,MAX_HURDAT_CATEGORY_WITHIN_EMDAT_IMPACT_WINDOW,Mild,Barbados,BRB,EMDAT,EMDAT-2023-0360-BRB,179,OBSERVED,179,OBSERVED,282336,persons,0.063400,0.063400,NOT_GENERATED_R6I_SCOPE,,,,EM_DAT,EMDAT_PUBLIC_CUSTOM_REQUEST_2018_2025_2026_08_28,EM-DAT Data!row:259,RECONSTRUCTED,SOURCE_SUPPORTED,included iff at least one confirmed CHN explicit or EM-DAT explicit matched country-impact record; impact timing/category use only country-specific CHN date or EM-DAT window evidence; storm-lifetime maximum is never substituted,"event_date is a compatibility alias for storm_start_date, not country-impact timing. historical_category/severity_class are storm-lifetime aliases, not country-impact intensity. Not an assertion of the unpublished Balcik mapping."
AL032023,AL032023,BRET,2023,2023-06-19,2023-06-24,2023-06-19,,TS_OR_LOWER,Mild,TS_OR_LOWER,Mild,2023-06-22,2023-06-23,,INTERVAL_ONLY,EMDAT_DATE_WINDOW,TS_OR_LOWER,RESOLVED,MAX_HURDAT_CATEGORY_WITHIN_EMDAT_IMPACT_WINDOW,Mild,Saint Vincent and the Grenadines,VCT,EMDAT,EMDAT-2023-0360-VCT,150,OBSERVED,150,OBSERVED,101323,persons,0.148041,0.148041,NOT_GENERATED_R6I_SCOPE,,,,EM_DAT,EMDAT_PUBLIC_CUSTOM_REQUEST_2018_2025_2026_08_28,EM-DAT Data!row:442,RECONSTRUCTED,SOURCE_SUPPORTED,included iff at least one confirmed CHN explicit or EM-DAT explicit matched country-impact record; impact timing/category use only country-specific CHN date or EM-DAT window evidence; storm-lifetime maximum is never substituted,"event_date is a compatibility alias for storm_start_date, not country-impact timing. historical_category/severity_class are storm-lifetime aliases, not country-impact intensity. Not an assertion of the unpublished Balcik mapping."
AL022024,AL022024,BERYL,2024,2024-06-28,2024-07-11,2024-06-28,,H5,Very Strong,H5,Very Strong,2024-07-01,2024-07-02,,INTERVAL_ONLY,EMDAT_DATE_WINDOW,H5,RESOLVED,MAX_HURDAT_CATEGORY_WITHIN_EMDAT_IMPACT_WINDOW,Very Strong,Barbados,BRB,EMDAT,EMDAT-2024-0422-BRB,2500,OBSERVED,2500,OBSERVED,282467,persons,0.885059,0.885059,NOT_GENERATED_R6I_SCOPE,,,,EM_DAT,EMDAT_PUBLIC_CUSTOM_REQUEST_2018_2025_2026_08_28,EM-DAT Data!row:9,RECONSTRUCTED,SOURCE_SUPPORTED,included iff at least one confirmed CHN explicit or EM-DAT explicit matched country-impact record; impact timing/category use only country-specific CHN date or EM-DAT window evidence; storm-lifetime maximum is never substituted,"event_date is a compatibility alias for storm_start_date, not country-impact timing. historical_category/severity_class are storm-lifetime aliases, not country-impact intensity. Not an assertion of the unpublished Balcik mapping."
AL022024,AL022024,BERYL,2024,2024-06-28,2024-07-11,2024-06-28,,H5,Very Strong,H5,Very Strong,2024-07-09,2024-07-09,2024-07-09,RESOLVED,EMDAT_SINGLE_DAY,TS_OR_LOWER,RESOLVED,MAX_HURDAT_CATEGORY_WITHIN_EMDAT_IMPACT_WINDOW,Mild,Cayman Islands,CYM,EMDAT,EMDAT-2024-0422-CYM,,MISSING,,MISSING,74458,persons,,,NOT_GENERATED_R6I_SCOPE,,,,EM_DAT,EMDAT_PUBLIC_CUSTOM_REQUEST_2018_2025_2026_08_28,EM-DAT Data!row:3,RECONSTRUCTED,SOURCE_SUPPORTED,included iff at least one confirmed CHN explicit or EM-DAT explicit matched country-impact record; impact timing/category use only country-specific CHN date or EM-DAT window evidence; storm-lifetime maximum is never substituted,"event_date is a compatibility alias for storm_start_date, not country-impact timing. historical_category/severity_class are storm-lifetime aliases, not country-impact intensity. Not an assertion of the unpublished Balcik mapping."
AL022024,AL022024,BERYL,2024,2024-06-28,2024-07-11,2024-06-28,,H5,Very Strong,H5,Very Strong,2024-07-01,2024-07-04,,INTERVAL_ONLY,EMDAT_DATE_WINDOW,H5,RESOLVED,MAX_HURDAT_CATEGORY_WITHIN_EMDAT_IMPACT_WINDOW,Very Strong,Grenada,GRD,EMDAT,EMDAT-2024-0422-GRD,12000,OBSERVED,12027,OBSERVED,117208,persons,10.238209,10.261245,NOT_GENERATED_R6I_SCOPE,,,,EM_DAT,EMDAT_PUBLIC_CUSTOM_REQUEST_2018_2025_2026_08_28,EM-DAT Data!row:447,RECONSTRUCTED,SOURCE_SUPPORTED,included iff at least one confirmed CHN explicit or EM-DAT explicit matched country-impact record; impact timing/category use only country-specific CHN date or EM-DAT window evidence; storm-lifetime maximum is never substituted,"event_date is a compatibility alias for storm_start_date, not country-impact timing. historical_category/severity_class are storm-lifetime aliases, not country-impact intensity. Not an assertion of the unpublished Balcik mapping."
AL022024,AL022024,BERYL,2024,2024-06-28,2024-07-11,2024-06-28,,H5,Very Strong,H5,Very Strong,2024-07-03,2024-07-04,,INTERVAL_ONLY,EMDAT_DATE_WINDOW,H4,RESOLVED,MAX_HURDAT_CATEGORY_WITHIN_EMDAT_IMPACT_WINDOW,Very Strong,Jamaica,JAM,EMDAT,EMDAT-2024-0422-JAM,618496,OBSERVED,618556,OBSERVED,2839175,persons,21.784356,21.786470,NOT_GENERATED_R6I_SCOPE,,,,EM_DAT,EMDAT_PUBLIC_CUSTOM_REQUEST_2018_2025_2026_08_28,EM-DAT Data!row:7,RECONSTRUCTED,SOURCE_SUPPORTED,included iff at least one confirmed CHN explicit or EM-DAT explicit matched country-impact record; impact timing/category use only country-specific CHN date or EM-DAT window evidence; storm-lifetime maximum is never substituted,"event_date is a compatibility alias for storm_start_date, not country-impact timing. historical_category/severity_class are storm-lifetime aliases, not country-impact intensity. Not an assertion of the unpublished Balcik mapping."
AL022024,AL022024,BERYL,2024,2024-06-28,2024-07-11,2024-06-28,,H5,Very Strong,H5,Very Strong,2024-07-08,2024-07-08,2024-07-08,RESOLVED,EMDAT_SINGLE_DAY,H1,RESOLVED,MAX_HURDAT_CATEGORY_WITHIN_EMDAT_IMPACT_WINDOW,Mild,Saint Lucia,LCA,EMDAT,EMDAT-2024-0422-LCA,,MISSING,,MISSING,179744,persons,,,NOT_GENERATED_R6I_SCOPE,,,,EM_DAT,EMDAT_PUBLIC_CUSTOM_REQUEST_2018_2025_2026_08_28,EM-DAT Data!row:4,RECONSTRUCTED,SOURCE_SUPPORTED,included iff at least one confirmed CHN explicit or EM-DAT explicit matched country-impact record; impact timing/category use only country-specific CHN date or EM-DAT window evidence; storm-lifetime maximum is never substituted,"event_date is a compatibility alias for storm_start_date, not country-impact timing. historical_category/severity_class are storm-lifetime aliases, not country-impact intensity. Not an assertion of the unpublished Balcik mapping."
AL022024,AL022024,BERYL,2024,2024-06-28,2024-07-11,2024-06-28,,H5,Very Strong,H5,Very Strong,2024-07-01,2024-07-04,,INTERVAL_ONLY,EMDAT_DATE_WINDOW,H5,RESOLVED,MAX_HURDAT_CATEGORY_WITHIN_EMDAT_IMPACT_WINDOW,Very Strong,Saint Vincent and the Grenadines,VCT,EMDAT,EMDAT-2024-0422-VCT,40000,OBSERVED,40028,OBSERVED,100616,persons,39.755109,39.782937,NOT_GENERATED_R6I_SCOPE,,,,EM_DAT,EMDAT_PUBLIC_CUSTOM_REQUEST_2018_2025_2026_08_28,EM-DAT Data!row:174,RECONSTRUCTED,SOURCE_SUPPORTED,included iff at least one confirmed CHN explicit or EM-DAT explicit matched country-impact record; impact timing/category use only country-specific CHN date or EM-DAT window evidence; storm-lifetime maximum is never substituted,"event_date is a compatibility alias for storm_start_date, not country-impact timing. historical_category/severity_class are storm-lifetime aliases, not country-impact intensity. Not an assertion of the unpublished Balcik mapping."
AL182024,AL182024,RAFAEL,2024,2024-11-03,2024-11-10,2024-11-03,,H3,Strong,H3,Strong,2024-11-06,2024-11-10,,INTERVAL_ONLY,EMDAT_DATE_WINDOW,H3,RESOLVED,MAX_HURDAT_CATEGORY_WITHIN_EMDAT_IMPACT_WINDOW,Strong,Jamaica,JAM,EMDAT,EMDAT-2024-0822-JAM,,MISSING,,MISSING,2839175,persons,,,NOT_GENERATED_R6I_SCOPE,,,,EM_DAT,EMDAT_PUBLIC_CUSTOM_REQUEST_2018_2025_2026_08_28,EM-DAT Data!row:285,RECONSTRUCTED,SOURCE_SUPPORTED,included iff at least one confirmed CHN explicit or EM-DAT explicit matched country-impact record; impact timing/category use only country-specific CHN date or EM-DAT window evidence; storm-lifetime maximum is never substituted,"event_date is a compatibility alias for storm_start_date, not country-impact timing. historical_category/severity_class are storm-lifetime aliases, not country-impact intensity. Not an assertion of the unpublished Balcik mapping."
AL192024,AL192024,SARA,2024,2024-11-13,2024-11-18,2024-11-13,,TS_OR_LOWER,Mild,TS_OR_LOWER,Mild,2024-11-15,2024-11-18,,INTERVAL_ONLY,EMDAT_DATE_WINDOW,TS_OR_LOWER,RESOLVED,MAX_HURDAT_CATEGORY_WITHIN_EMDAT_IMPACT_WINDOW,Mild,Belize,BLZ,EMDAT,EMDAT-2024-0857-BLZ,162,OBSERVED,162,OBSERVED,417072,persons,0.038842,0.038842,NOT_GENERATED_R6I_SCOPE,,,,EM_DAT,EMDAT_PUBLIC_CUSTOM_REQUEST_2018_2025_2026_08_28,EM-DAT Data!row:286,RECONSTRUCTED,SOURCE_SUPPORTED,included iff at least one confirmed CHN explicit or EM-DAT explicit matched country-impact record; impact timing/category use only country-specific CHN date or EM-DAT window evidence; storm-lifetime maximum is never substituted,"event_date is a compatibility alias for storm_start_date, not country-impact timing. historical_category/severity_class are storm-lifetime aliases, not country-impact intensity. Not an assertion of the unpublished Balcik mapping."
AL192024,AL192024,SARA,2024,2024-11-13,2024-11-18,2024-11-13,,TS_OR_LOWER,Mild,TS_OR_LOWER,Mild,2024-11-17,2024-11-18,,INTERVAL_ONLY,EMDAT_DATE_WINDOW,TS_OR_LOWER,RESOLVED,MAX_HURDAT_CATEGORY_WITHIN_EMDAT_IMPACT_WINDOW,Mild,Haiti,HTI,EMDAT,EMDAT-2024-0857-HTI,,MISSING,,MISSING,11772557,persons,,,NOT_GENERATED_R6I_SCOPE,,,,EM_DAT,EMDAT_PUBLIC_CUSTOM_REQUEST_2018_2025_2026_08_28,EM-DAT Data!row:157,RECONSTRUCTED,SOURCE_SUPPORTED,included iff at least one confirmed CHN explicit or EM-DAT explicit matched country-impact record; impact timing/category use only country-specific CHN date or EM-DAT window evidence; storm-lifetime maximum is never substituted,"event_date is a compatibility alias for storm_start_date, not country-impact timing. historical_category/severity_class are storm-lifetime aliases, not country-impact intensity. Not an assertion of the unpublished Balcik mapping."
AL092025,AL092025,IMELDA,2025,2025-09-26,2025-10-06,2025-09-26,,H1,Mild,H1,Mild,2025-09-27,2025-10-02,,INTERVAL_ONLY,EMDAT_DATE_WINDOW,H1,RESOLVED,MAX_HURDAT_CATEGORY_WITHIN_EMDAT_IMPACT_WINDOW,Mild,Bahamas,BHS,EMDAT,EMDAT-2025-0854-BHS,600,OBSERVED,600,OBSERVED,403033,persons,0.148871,0.148871,NOT_GENERATED_R6I_SCOPE,,,,EM_DAT,EMDAT_PUBLIC_CUSTOM_REQUEST_2018_2025_2026_08_28,EM-DAT Data!row:122,RECONSTRUCTED,SOURCE_SUPPORTED,included iff at least one confirmed CHN explicit or EM-DAT explicit matched country-impact record; impact timing/category use only country-specific CHN date or EM-DAT window evidence; storm-lifetime maximum is never substituted,"event_date is a compatibility alias for storm_start_date, not country-impact timing. historical_category/severity_class are storm-lifetime aliases, not country-impact intensity. Not an assertion of the unpublished Balcik mapping."
AL132025,AL132025,MELISSA,2025,2025-10-21,2025-11-01,2025-10-21,,H5,Very Strong,H5,Very Strong,2025-10-27,2025-10-28,,INTERVAL_ONLY,EMDAT_DATE_WINDOW,H5,RESOLVED,MAX_HURDAT_CATEGORY_WITHIN_EMDAT_IMPACT_WINDOW,Very Strong,Bahamas,BHS,EMDAT,EMDAT-2025-0917-BHS,2000,OBSERVED,2000,OBSERVED,403033,persons,0.496237,0.496237,NOT_GENERATED_R6I_SCOPE,,,,EM_DAT,EMDAT_PUBLIC_CUSTOM_REQUEST_2018_2025_2026_08_28,EM-DAT Data!row:148,RECONSTRUCTED,SOURCE_SUPPORTED,included iff at least one confirmed CHN explicit or EM-DAT explicit matched country-impact record; impact timing/category use only country-specific CHN date or EM-DAT window evidence; storm-lifetime maximum is never substituted,"event_date is a compatibility alias for storm_start_date, not country-impact timing. historical_category/severity_class are storm-lifetime aliases, not country-impact intensity. Not an assertion of the unpublished Balcik mapping."
AL132025,AL132025,MELISSA,2025,2025-10-21,2025-11-01,2025-10-21,,H5,Very Strong,H5,Very Strong,2025-10-29,2025-10-31,,INTERVAL_ONLY,EMDAT_DATE_WINDOW,H3,RESOLVED,MAX_HURDAT_CATEGORY_WITHIN_EMDAT_IMPACT_WINDOW,Strong,Bermuda,BMU,EMDAT,EMDAT-2025-0917-BMU,,MISSING,,MISSING,64554,persons,,,NOT_GENERATED_R6I_SCOPE,,,,EM_DAT,EMDAT_PUBLIC_CUSTOM_REQUEST_2018_2025_2026_08_28,EM-DAT Data!row:149,RECONSTRUCTED,SOURCE_SUPPORTED,included iff at least one confirmed CHN explicit or EM-DAT explicit matched country-impact record; impact timing/category use only country-specific CHN date or EM-DAT window evidence; storm-lifetime maximum is never substituted,"event_date is a compatibility alias for storm_start_date, not country-impact timing. historical_category/severity_class are storm-lifetime aliases, not country-impact intensity. Not an assertion of the unpublished Balcik mapping."
AL132025,AL132025,MELISSA,2025,2025-10-21,2025-11-01,2025-10-21,,H5,Very Strong,H5,Very Strong,2025-10-26,2025-10-26,2025-10-26,RESOLVED,EMDAT_SINGLE_DAY,H4,RESOLVED,MAX_HURDAT_CATEGORY_WITHIN_EMDAT_IMPACT_WINDOW,Very Strong,Haiti,HTI,EMDAT,EMDAT-2025-0917-HTI,2300000,OBSERVED,2300021,OBSERVED,11906096,persons,19.317835,19.318012,NOT_GENERATED_R6I_SCOPE,,,,EM_DAT,EMDAT_PUBLIC_CUSTOM_REQUEST_2018_2025_2026_08_28,EM-DAT Data!row:124,RECONSTRUCTED,SOURCE_SUPPORTED,included iff at least one confirmed CHN explicit or EM-DAT explicit matched country-impact record; impact timing/category use only country-specific CHN date or EM-DAT window evidence; storm-lifetime maximum is never substituted,"event_date is a compatibility alias for storm_start_date, not country-impact timing. historical_category/severity_class are storm-lifetime aliases, not country-impact intensity. Not an assertion of the unpublished Balcik mapping."
AL132025,AL132025,MELISSA,2025,2025-10-21,2025-11-01,2025-10-21,,H5,Very Strong,H5,Very Strong,2025-10-24,2025-10-27,,INTERVAL_ONLY,EMDAT_DATE_WINDOW,H5,RESOLVED,MAX_HURDAT_CATEGORY_WITHIN_EMDAT_IMPACT_WINDOW,Very Strong,Jamaica,JAM,EMDAT,EMDAT-2025-0917-JAM,1900000,OBSERVED,1900340,OBSERVED,2837077,persons,66.970336,66.982320,NOT_GENERATED_R6I_SCOPE,,,,EM_DAT,EMDAT_PUBLIC_CUSTOM_REQUEST_2018_2025_2026_08_28,EM-DAT Data!row:5,RECONSTRUCTED,SOURCE_SUPPORTED,included iff at least one confirmed CHN explicit or EM-DAT explicit matched country-impact record; impact timing/category use only country-specific CHN date or EM-DAT window evidence; storm-lifetime maximum is never substituted,"event_date is a compatibility alias for storm_start_date, not country-impact timing. historical_category/severity_class are storm-lifetime aliases, not country-impact intensity. Not an assertion of the unpublished Balcik mapping."
