scenario_id,commodity,raw_value,raw_unit,multiplier,formal_value,formal_unit,rounding_status,rationale,provenance_identity
omega_01,Water,350.0,1000 gallons,1000.0,350000.0,gallon,none_exact_float_expression,physical_unit_conversion,R6_FINAL_FORMAL_DESIGN_2026_08_31
omega_01,Seasonal Influenza Vaccine,500.0,abstract medical unit,10.0603621730382,5030.18108651911,dose,none_exact_float_expression,economic_scale_preserving_service_normalization,R6_FINAL_FORMAL_DESIGN_2026_08_31
omega_01,Crackers,525.0,1000 meals,14000.0,7350000.0,22 g serving,none_exact_float_expression,approximate_energy_service_normalization,R6_FINAL_FORMAL_DESIGN_2026_08_31
omega_02,Water,7500.0,1000 gallons,1000.0,7500000.0,gallon,none_exact_float_expression,physical_unit_conversion,R6_FINAL_FORMAL_DESIGN_2026_08_31
omega_02,Seasonal Influenza Vaccine,1687.0,abstract medical unit,10.0603621730382,16971.8309859155,dose,none_exact_float_expression,economic_scale_preserving_service_normalization,R6_FINAL_FORMAL_DESIGN_2026_08_31
omega_02,Crackers,1771.0,1000 meals,14000.0,24794000.0,22 g serving,none_exact_float_expression,approximate_energy_service_normalization,R6_FINAL_FORMAL_DESIGN_2026_08_31
omega_03,Water,2250.0,1000 gallons,1000.0,2250000.0,gallon,none_exact_float_expression,physical_unit_conversion,R6_FINAL_FORMAL_DESIGN_2026_08_31
omega_03,Seasonal Influenza Vaccine,18750.0,abstract medical unit,10.0603621730382,188631.790744467,dose,none_exact_float_expression,economic_scale_preserving_service_normalization,R6_FINAL_FORMAL_DESIGN_2026_08_31
omega_03,Crackers,1125.0,1000 meals,14000.0,15750000.0,22 g serving,none_exact_float_expression,approximate_energy_service_normalization,R6_FINAL_FORMAL_DESIGN_2026_08_31
omega_04,Water,861.0,1000 gallons,1000.0,861000.0,gallon,none_exact_float_expression,physical_unit_conversion,R6_FINAL_FORMAL_DESIGN_2026_08_31
omega_04,Seasonal Influenza Vaccine,402.0,abstract medical unit,10.0603621730382,4044.26559356137,dose,none_exact_float_expression,economic_scale_preserving_service_normalization,R6_FINAL_FORMAL_DESIGN_2026_08_31
omega_04,Crackers,181.0,1000 meals,14000.0,2534000.0,22 g serving,none_exact_float_expression,approximate_energy_service_normalization,R6_FINAL_FORMAL_DESIGN_2026_08_31
omega_05,Water,560.0,1000 gallons,1000.0,560000.0,gallon,none_exact_float_expression,physical_unit_conversion,R6_FINAL_FORMAL_DESIGN_2026_08_31
omega_05,Seasonal Influenza Vaccine,883.0,abstract medical unit,10.0603621730382,8883.29979879276,dose,none_exact_float_expression,economic_scale_preserving_service_normalization,R6_FINAL_FORMAL_DESIGN_2026_08_31
omega_05,Crackers,927.0,1000 meals,14000.0,12978000.0,22 g serving,none_exact_float_expression,approximate_energy_service_normalization,R6_FINAL_FORMAL_DESIGN_2026_08_31
omega_06,Water,18000.0,1000 gallons,1000.0,18000000.0,gallon,none_exact_float_expression,physical_unit_conversion,R6_FINAL_FORMAL_DESIGN_2026_08_31
omega_06,Seasonal Influenza Vaccine,4500.0,abstract medical unit,10.0603621730382,45271.629778672,dose,none_exact_float_expression,economic_scale_preserving_service_normalization,R6_FINAL_FORMAL_DESIGN_2026_08_31
omega_06,Crackers,630.0,1000 meals,14000.0,8820000.0,22 g serving,none_exact_float_expression,approximate_energy_service_normalization,R6_FINAL_FORMAL_DESIGN_2026_08_31
omega_07,Water,2818.0,1000 gallons,1000.0,2818000.0,gallon,none_exact_float_expression,physical_unit_conversion,R6_FINAL_FORMAL_DESIGN_2026_08_31
omega_07,Seasonal Influenza Vaccine,571.0,abstract medical unit,10.0603621730382,5744.46680080483,dose,none_exact_float_expression,economic_scale_preserving_service_normalization,R6_FINAL_FORMAL_DESIGN_2026_08_31
omega_07,Crackers,80.0,1000 meals,14000.0,1120000.0,22 g serving,none_exact_float_expression,approximate_energy_service_normalization,R6_FINAL_FORMAL_DESIGN_2026_08_31
omega_08,Water,9000.0,1000 gallons,1000.0,9000000.0,gallon,none_exact_float_expression,physical_unit_conversion,R6_FINAL_FORMAL_DESIGN_2026_08_31
omega_08,Seasonal Influenza Vaccine,3760.0,abstract medical unit,10.0603621730382,37826.9617706237,dose,none_exact_float_expression,economic_scale_preserving_service_normalization,R6_FINAL_FORMAL_DESIGN_2026_08_31
omega_08,Crackers,1692.0,1000 meals,14000.0,23688000.0,22 g serving,none_exact_float_expression,approximate_energy_service_normalization,R6_FINAL_FORMAL_DESIGN_2026_08_31
omega_09,Water,5000.0,1000 gallons,1000.0,5000000.0,gallon,none_exact_float_expression,physical_unit_conversion,R6_FINAL_FORMAL_DESIGN_2026_08_31
omega_09,Seasonal Influenza Vaccine,12500.0,abstract medical unit,10.0603621730382,125754.527162978,dose,none_exact_float_expression,economic_scale_preserving_service_normalization,R6_FINAL_FORMAL_DESIGN_2026_08_31
omega_09,Crackers,1750.0,1000 meals,14000.0,24500000.0,22 g serving,none_exact_float_expression,approximate_energy_service_normalization,R6_FINAL_FORMAL_DESIGN_2026_08_31
omega_10,Water,2239.0,1000 gallons,1000.0,2239000.0,gallon,none_exact_float_expression,physical_unit_conversion,R6_FINAL_FORMAL_DESIGN_2026_08_31
omega_10,Seasonal Influenza Vaccine,10551.0,abstract medical unit,10.0603621730382,106146.881287726,dose,none_exact_float_expression,economic_scale_preserving_service_normalization,R6_FINAL_FORMAL_DESIGN_2026_08_31
omega_10,Crackers,1477.0,1000 meals,14000.0,20678000.0,22 g serving,none_exact_float_expression,approximate_energy_service_normalization,R6_FINAL_FORMAL_DESIGN_2026_08_31
omega_11,Water,4400.0,1000 gallons,1000.0,4400000.0,gallon,none_exact_float_expression,physical_unit_conversion,R6_FINAL_FORMAL_DESIGN_2026_08_31
omega_11,Seasonal Influenza Vaccine,28007.0,abstract medical unit,10.0603621730382,281760.563380282,dose,none_exact_float_expression,economic_scale_preserving_service_normalization,R6_FINAL_FORMAL_DESIGN_2026_08_31
omega_11,Crackers,3921.0,1000 meals,14000.0,54894000.0,22 g serving,none_exact_float_expression,approximate_energy_service_normalization,R6_FINAL_FORMAL_DESIGN_2026_08_31
omega_12,Water,600.0,1000 gallons,1000.0,600000.0,gallon,none_exact_float_expression,physical_unit_conversion,R6_FINAL_FORMAL_DESIGN_2026_08_31
omega_12,Seasonal Influenza Vaccine,720.0,abstract medical unit,10.0603621730382,7243.46076458752,dose,none_exact_float_expression,economic_scale_preserving_service_normalization,R6_FINAL_FORMAL_DESIGN_2026_08_31
omega_12,Crackers,324.0,1000 meals,14000.0,4536000.0,22 g serving,none_exact_float_expression,approximate_energy_service_normalization,R6_FINAL_FORMAL_DESIGN_2026_08_31
omega_13,Water,1040.0,1000 gallons,1000.0,1040000.0,gallon,none_exact_float_expression,physical_unit_conversion,R6_FINAL_FORMAL_DESIGN_2026_08_31
omega_13,Seasonal Influenza Vaccine,95000.0,abstract medical unit,10.0603621730382,955734.406438632,dose,none_exact_float_expression,economic_scale_preserving_service_normalization,R6_FINAL_FORMAL_DESIGN_2026_08_31
omega_13,Crackers,13300.0,1000 meals,14000.0,186200000.0,22 g serving,none_exact_float_expression,approximate_energy_service_normalization,R6_FINAL_FORMAL_DESIGN_2026_08_31
omega_14,Water,1500.0,1000 gallons,1000.0,1500000.0,gallon,none_exact_float_expression,physical_unit_conversion,R6_FINAL_FORMAL_DESIGN_2026_08_31
omega_14,Seasonal Influenza Vaccine,360.0,abstract medical unit,10.0603621730382,3621.73038229376,dose,none_exact_float_expression,economic_scale_preserving_service_normalization,R6_FINAL_FORMAL_DESIGN_2026_08_31
omega_14,Crackers,162.0,1000 meals,14000.0,2268000.0,22 g serving,none_exact_float_expression,approximate_energy_service_normalization,R6_FINAL_FORMAL_DESIGN_2026_08_31
omega_15,Water,1000.0,1000 gallons,1000.0,1000000.0,gallon,none_exact_float_expression,physical_unit_conversion,R6_FINAL_FORMAL_DESIGN_2026_08_31
omega_15,Seasonal Influenza Vaccine,1751.0,abstract medical unit,10.0603621730382,17615.6941649899,dose,none_exact_float_expression,economic_scale_preserving_service_normalization,R6_FINAL_FORMAL_DESIGN_2026_08_31
omega_15,Crackers,1838.0,1000 meals,14000.0,25732000.0,22 g serving,none_exact_float_expression,approximate_energy_service_normalization,R6_FINAL_FORMAL_DESIGN_2026_08_31
omega_16,Water,910.0,1000 gallons,1000.0,910000.0,gallon,none_exact_float_expression,physical_unit_conversion,R6_FINAL_FORMAL_DESIGN_2026_08_31
omega_16,Seasonal Influenza Vaccine,1383.0,abstract medical unit,10.0603621730382,13913.4808853119,dose,none_exact_float_expression,economic_scale_preserving_service_normalization,R6_FINAL_FORMAL_DESIGN_2026_08_31
omega_16,Crackers,1452.0,1000 meals,14000.0,20328000.0,22 g serving,none_exact_float_expression,approximate_energy_service_normalization,R6_FINAL_FORMAL_DESIGN_2026_08_31
omega_17,Water,9350.0,1000 gallons,1000.0,9350000.0,gallon,none_exact_float_expression,physical_unit_conversion,R6_FINAL_FORMAL_DESIGN_2026_08_31
omega_17,Seasonal Influenza Vaccine,4260.0,abstract medical unit,10.0603621730382,42857.1428571429,dose,none_exact_float_expression,economic_scale_preserving_service_normalization,R6_FINAL_FORMAL_DESIGN_2026_08_31
omega_17,Crackers,2217.0,1000 meals,14000.0,31038000.0,22 g serving,none_exact_float_expression,approximate_energy_service_normalization,R6_FINAL_FORMAL_DESIGN_2026_08_31
omega_18,Water,950.0,1000 gallons,1000.0,950000.0,gallon,none_exact_float_expression,physical_unit_conversion,R6_FINAL_FORMAL_DESIGN_2026_08_31
omega_18,Seasonal Influenza Vaccine,1220.0,abstract medical unit,10.0603621730382,12273.6418511066,dose,none_exact_float_expression,economic_scale_preserving_service_normalization,R6_FINAL_FORMAL_DESIGN_2026_08_31
omega_18,Crackers,849.0,1000 meals,14000.0,11886000.0,22 g serving,none_exact_float_expression,approximate_energy_service_normalization,R6_FINAL_FORMAL_DESIGN_2026_08_31
omega_19,Water,2810.0,1000 gallons,1000.0,2810000.0,gallon,none_exact_float_expression,physical_unit_conversion,R6_FINAL_FORMAL_DESIGN_2026_08_31
omega_19,Seasonal Influenza Vaccine,19633.0,abstract medical unit,10.0603621730382,197515.09054326,dose,none_exact_float_expression,economic_scale_preserving_service_normalization,R6_FINAL_FORMAL_DESIGN_2026_08_31
omega_19,Crackers,2052.0,1000 meals,14000.0,28728000.0,22 g serving,none_exact_float_expression,approximate_energy_service_normalization,R6_FINAL_FORMAL_DESIGN_2026_08_31
omega_20,Water,5068.0,1000 gallons,1000.0,5068000.0,gallon,none_exact_float_expression,physical_unit_conversion,R6_FINAL_FORMAL_DESIGN_2026_08_31
omega_20,Seasonal Influenza Vaccine,19321.0,abstract medical unit,10.0603621730382,194376.257545272,dose,none_exact_float_expression,economic_scale_preserving_service_normalization,R6_FINAL_FORMAL_DESIGN_2026_08_31
omega_20,Crackers,1205.0,1000 meals,14000.0,16870000.0,22 g serving,none_exact_float_expression,approximate_energy_service_normalization,R6_FINAL_FORMAL_DESIGN_2026_08_31
omega_21,Water,3290.0,1000 gallons,1000.0,3290000.0,gallon,none_exact_float_expression,physical_unit_conversion,R6_FINAL_FORMAL_DESIGN_2026_08_31
omega_21,Seasonal Influenza Vaccine,113750.0,abstract medical unit,10.0603621730382,1144366.1971831,dose,none_exact_float_expression,economic_scale_preserving_service_normalization,R6_FINAL_FORMAL_DESIGN_2026_08_31
omega_21,Crackers,14425.0,1000 meals,14000.0,201950000.0,22 g serving,none_exact_float_expression,approximate_energy_service_normalization,R6_FINAL_FORMAL_DESIGN_2026_08_31
omega_22,Water,3750.0,1000 gallons,1000.0,3750000.0,gallon,none_exact_float_expression,physical_unit_conversion,R6_FINAL_FORMAL_DESIGN_2026_08_31
omega_22,Seasonal Influenza Vaccine,19110.0,abstract medical unit,10.0603621730382,192253.521126761,dose,none_exact_float_expression,economic_scale_preserving_service_normalization,R6_FINAL_FORMAL_DESIGN_2026_08_31
omega_22,Crackers,1287.0,1000 meals,14000.0,18018000.0,22 g serving,none_exact_float_expression,approximate_energy_service_normalization,R6_FINAL_FORMAL_DESIGN_2026_08_31
omega_23,Water,8060.0,1000 gallons,1000.0,8060000.0,gallon,none_exact_float_expression,physical_unit_conversion,R6_FINAL_FORMAL_DESIGN_2026_08_31
omega_23,Seasonal Influenza Vaccine,2570.0,abstract medical unit,10.0603621730382,25855.1307847082,dose,none_exact_float_expression,economic_scale_preserving_service_normalization,R6_FINAL_FORMAL_DESIGN_2026_08_31
omega_23,Crackers,2698.0,1000 meals,14000.0,37772000.0,22 g serving,none_exact_float_expression,approximate_energy_service_normalization,R6_FINAL_FORMAL_DESIGN_2026_08_31
omega_24,Water,1560.0,1000 gallons,1000.0,1560000.0,gallon,none_exact_float_expression,physical_unit_conversion,R6_FINAL_FORMAL_DESIGN_2026_08_31
omega_24,Seasonal Influenza Vaccine,2634.0,abstract medical unit,10.0603621730382,26498.9939637827,dose,none_exact_float_expression,economic_scale_preserving_service_normalization,R6_FINAL_FORMAL_DESIGN_2026_08_31
omega_24,Crackers,2765.0,1000 meals,14000.0,38710000.0,22 g serving,none_exact_float_expression,approximate_energy_service_normalization,R6_FINAL_FORMAL_DESIGN_2026_08_31
omega_25,Water,18350.0,1000 gallons,1000.0,18350000.0,gallon,none_exact_float_expression,physical_unit_conversion,R6_FINAL_FORMAL_DESIGN_2026_08_31
omega_25,Seasonal Influenza Vaccine,5000.0,abstract medical unit,10.0603621730382,50301.8108651911,dose,none_exact_float_expression,economic_scale_preserving_service_normalization,R6_FINAL_FORMAL_DESIGN_2026_08_31
omega_25,Crackers,1155.0,1000 meals,14000.0,16170000.0,22 g serving,none_exact_float_expression,approximate_energy_service_normalization,R6_FINAL_FORMAL_DESIGN_2026_08_31
omega_26,Water,18861.0,1000 gallons,1000.0,18861000.0,gallon,none_exact_float_expression,physical_unit_conversion,R6_FINAL_FORMAL_DESIGN_2026_08_31
omega_26,Seasonal Influenza Vaccine,4902.0,abstract medical unit,10.0603621730382,49315.8953722334,dose,none_exact_float_expression,economic_scale_preserving_service_normalization,R6_FINAL_FORMAL_DESIGN_2026_08_31
omega_26,Crackers,811.0,1000 meals,14000.0,11354000.0,22 g serving,none_exact_float_expression,approximate_energy_service_normalization,R6_FINAL_FORMAL_DESIGN_2026_08_31
omega_27,Water,18560.0,1000 gallons,1000.0,18560000.0,gallon,none_exact_float_expression,physical_unit_conversion,R6_FINAL_FORMAL_DESIGN_2026_08_31
omega_27,Seasonal Influenza Vaccine,5383.0,abstract medical unit,10.0603621730382,54154.9295774648,dose,none_exact_float_expression,economic_scale_preserving_service_normalization,R6_FINAL_FORMAL_DESIGN_2026_08_31
omega_27,Crackers,1557.0,1000 meals,14000.0,21798000.0,22 g serving,none_exact_float_expression,approximate_energy_service_normalization,R6_FINAL_FORMAL_DESIGN_2026_08_31
omega_28,Water,27000.0,1000 gallons,1000.0,27000000.0,gallon,none_exact_float_expression,physical_unit_conversion,R6_FINAL_FORMAL_DESIGN_2026_08_31
omega_28,Seasonal Influenza Vaccine,8260.0,abstract medical unit,10.0603621730382,83098.5915492958,dose,none_exact_float_expression,economic_scale_preserving_service_normalization,R6_FINAL_FORMAL_DESIGN_2026_08_31
omega_28,Crackers,2322.0,1000 meals,14000.0,32508000.0,22 g serving,none_exact_float_expression,approximate_energy_service_normalization,R6_FINAL_FORMAL_DESIGN_2026_08_31
omega_29,Water,20239.0,1000 gallons,1000.0,20239000.0,gallon,none_exact_float_expression,physical_unit_conversion,R6_FINAL_FORMAL_DESIGN_2026_08_31
omega_29,Seasonal Influenza Vaccine,15051.0,abstract medical unit,10.0603621730382,151418.511066398,dose,none_exact_float_expression,economic_scale_preserving_service_normalization,R6_FINAL_FORMAL_DESIGN_2026_08_31
omega_29,Crackers,2107.0,1000 meals,14000.0,29498000.0,22 g serving,none_exact_float_expression,approximate_energy_service_normalization,R6_FINAL_FORMAL_DESIGN_2026_08_31
omega_30,Water,3378.0,1000 gallons,1000.0,3378000.0,gallon,none_exact_float_expression,physical_unit_conversion,R6_FINAL_FORMAL_DESIGN_2026_08_31
omega_30,Seasonal Influenza Vaccine,1454.0,abstract medical unit,10.0603621730382,14627.7665995976,dose,none_exact_float_expression,economic_scale_preserving_service_normalization,R6_FINAL_FORMAL_DESIGN_2026_08_31
omega_30,Crackers,1007.0,1000 meals,14000.0,14098000.0,22 g serving,none_exact_float_expression,approximate_energy_service_normalization,R6_FINAL_FORMAL_DESIGN_2026_08_31
omega_31,Water,4318.0,1000 gallons,1000.0,4318000.0,gallon,none_exact_float_expression,physical_unit_conversion,R6_FINAL_FORMAL_DESIGN_2026_08_31
omega_31,Seasonal Influenza Vaccine,931.0,abstract medical unit,10.0603621730382,9366.19718309859,dose,none_exact_float_expression,economic_scale_preserving_service_normalization,R6_FINAL_FORMAL_DESIGN_2026_08_31
omega_31,Crackers,242.0,1000 meals,14000.0,3388000.0,22 g serving,none_exact_float_expression,approximate_energy_service_normalization,R6_FINAL_FORMAL_DESIGN_2026_08_31
omega_32,Water,9560.0,1000 gallons,1000.0,9560000.0,gallon,none_exact_float_expression,physical_unit_conversion,R6_FINAL_FORMAL_DESIGN_2026_08_31
omega_32,Seasonal Influenza Vaccine,4643.0,abstract medical unit,10.0603621730382,46710.2615694165,dose,none_exact_float_expression,economic_scale_preserving_service_normalization,R6_FINAL_FORMAL_DESIGN_2026_08_31
omega_32,Crackers,2619.0,1000 meals,14000.0,36666000.0,22 g serving,none_exact_float_expression,approximate_energy_service_normalization,R6_FINAL_FORMAL_DESIGN_2026_08_31
omega_33,Water,12500.0,1000 gallons,1000.0,12500000.0,gallon,none_exact_float_expression,physical_unit_conversion,R6_FINAL_FORMAL_DESIGN_2026_08_31
omega_33,Seasonal Influenza Vaccine,14187.0,abstract medical unit,10.0603621730382,142726.358148893,dose,none_exact_float_expression,economic_scale_preserving_service_normalization,R6_FINAL_FORMAL_DESIGN_2026_08_31
omega_33,Crackers,3521.0,1000 meals,14000.0,49294000.0,22 g serving,none_exact_float_expression,approximate_energy_service_normalization,R6_FINAL_FORMAL_DESIGN_2026_08_31
omega_34,Water,23000.0,1000 gallons,1000.0,23000000.0,gallon,none_exact_float_expression,physical_unit_conversion,R6_FINAL_FORMAL_DESIGN_2026_08_31
omega_34,Seasonal Influenza Vaccine,17000.0,abstract medical unit,10.0603621730382,171026.15694165,dose,none_exact_float_expression,economic_scale_preserving_service_normalization,R6_FINAL_FORMAL_DESIGN_2026_08_31
omega_34,Crackers,2380.0,1000 meals,14000.0,33320000.0,22 g serving,none_exact_float_expression,approximate_energy_service_normalization,R6_FINAL_FORMAL_DESIGN_2026_08_31
omega_35,Water,7818.0,1000 gallons,1000.0,7818000.0,gallon,none_exact_float_expression,physical_unit_conversion,R6_FINAL_FORMAL_DESIGN_2026_08_31
omega_35,Seasonal Influenza Vaccine,13071.0,abstract medical unit,10.0603621730382,131498.993963783,dose,none_exact_float_expression,economic_scale_preserving_service_normalization,R6_FINAL_FORMAL_DESIGN_2026_08_31
omega_35,Crackers,1830.0,1000 meals,14000.0,25620000.0,22 g serving,none_exact_float_expression,approximate_energy_service_normalization,R6_FINAL_FORMAL_DESIGN_2026_08_31
omega_36,Water,5600.0,1000 gallons,1000.0,5600000.0,gallon,none_exact_float_expression,physical_unit_conversion,R6_FINAL_FORMAL_DESIGN_2026_08_31
omega_36,Seasonal Influenza Vaccine,13220.0,abstract medical unit,10.0603621730382,132997.987927565,dose,none_exact_float_expression,economic_scale_preserving_service_normalization,R6_FINAL_FORMAL_DESIGN_2026_08_31
omega_36,Crackers,2074.0,1000 meals,14000.0,29036000.0,22 g serving,none_exact_float_expression,approximate_energy_service_normalization,R6_FINAL_FORMAL_DESIGN_2026_08_31
omega_37,Water,3100.0,1000 gallons,1000.0,3100000.0,gallon,none_exact_float_expression,physical_unit_conversion,R6_FINAL_FORMAL_DESIGN_2026_08_31
omega_37,Seasonal Influenza Vaccine,10953.0,abstract medical unit,10.0603621730382,110191.146881288,dose,none_exact_float_expression,economic_scale_preserving_service_normalization,R6_FINAL_FORMAL_DESIGN_2026_08_31
omega_37,Crackers,1658.0,1000 meals,14000.0,23212000.0,22 g serving,none_exact_float_expression,approximate_energy_service_normalization,R6_FINAL_FORMAL_DESIGN_2026_08_31
omega_38,Water,3239.0,1000 gallons,1000.0,3239000.0,gallon,none_exact_float_expression,physical_unit_conversion,R6_FINAL_FORMAL_DESIGN_2026_08_31
omega_38,Seasonal Influenza Vaccine,12302.0,abstract medical unit,10.0603621730382,123762.575452716,dose,none_exact_float_expression,economic_scale_preserving_service_normalization,R6_FINAL_FORMAL_DESIGN_2026_08_31
omega_38,Crackers,3315.0,1000 meals,14000.0,46410000.0,22 g serving,none_exact_float_expression,approximate_energy_service_normalization,R6_FINAL_FORMAL_DESIGN_2026_08_31
omega_39,Water,11900.0,1000 gallons,1000.0,11900000.0,gallon,none_exact_float_expression,physical_unit_conversion,R6_FINAL_FORMAL_DESIGN_2026_08_31
omega_39,Seasonal Influenza Vaccine,29694.0,abstract medical unit,10.0603621730382,298732.394366197,dose,none_exact_float_expression,economic_scale_preserving_service_normalization,R6_FINAL_FORMAL_DESIGN_2026_08_31
omega_39,Crackers,5692.0,1000 meals,14000.0,79688000.0,22 g serving,none_exact_float_expression,approximate_energy_service_normalization,R6_FINAL_FORMAL_DESIGN_2026_08_31
omega_40,Water,5000.0,1000 gallons,1000.0,5000000.0,gallon,none_exact_float_expression,physical_unit_conversion,R6_FINAL_FORMAL_DESIGN_2026_08_31
omega_40,Seasonal Influenza Vaccine,28727.0,abstract medical unit,10.0603621730382,289004.024144869,dose,none_exact_float_expression,economic_scale_preserving_service_normalization,R6_FINAL_FORMAL_DESIGN_2026_08_31
omega_40,Crackers,4245.0,1000 meals,14000.0,59430000.0,22 g serving,none_exact_float_expression,approximate_energy_service_normalization,R6_FINAL_FORMAL_DESIGN_2026_08_31
omega_41,Water,7218.0,1000 gallons,1000.0,7218000.0,gallon,none_exact_float_expression,physical_unit_conversion,R6_FINAL_FORMAL_DESIGN_2026_08_31
omega_41,Seasonal Influenza Vaccine,28578.0,abstract medical unit,10.0603621730382,287505.030181087,dose,none_exact_float_expression,economic_scale_preserving_service_normalization,R6_FINAL_FORMAL_DESIGN_2026_08_31
omega_41,Crackers,4001.0,1000 meals,14000.0,56014000.0,22 g serving,none_exact_float_expression,approximate_energy_service_normalization,R6_FINAL_FORMAL_DESIGN_2026_08_31
omega_42,Water,6639.0,1000 gallons,1000.0,6639000.0,gallon,none_exact_float_expression,physical_unit_conversion,R6_FINAL_FORMAL_DESIGN_2026_08_31
omega_42,Seasonal Influenza Vaccine,38558.0,abstract medical unit,10.0603621730382,387907.444668008,dose,none_exact_float_expression,economic_scale_preserving_service_normalization,R6_FINAL_FORMAL_DESIGN_2026_08_31
omega_42,Crackers,5398.0,1000 meals,14000.0,75572000.0,22 g serving,none_exact_float_expression,approximate_energy_service_normalization,R6_FINAL_FORMAL_DESIGN_2026_08_31
omega_43,Water,1390.0,1000 gallons,1000.0,1390000.0,gallon,none_exact_float_expression,physical_unit_conversion,R6_FINAL_FORMAL_DESIGN_2026_08_31
omega_43,Seasonal Influenza Vaccine,95500.0,abstract medical unit,10.0603621730382,960764.587525151,dose,none_exact_float_expression,economic_scale_preserving_service_normalization,R6_FINAL_FORMAL_DESIGN_2026_08_31
omega_43,Crackers,13825.0,1000 meals,14000.0,193550000.0,22 g serving,none_exact_float_expression,approximate_energy_service_normalization,R6_FINAL_FORMAL_DESIGN_2026_08_31
omega_44,Water,3279.0,1000 gallons,1000.0,3279000.0,gallon,none_exact_float_expression,physical_unit_conversion,R6_FINAL_FORMAL_DESIGN_2026_08_31
omega_44,Seasonal Influenza Vaccine,105551.0,abstract medical unit,10.0603621730382,1061881.28772636,dose,none_exact_float_expression,economic_scale_preserving_service_normalization,R6_FINAL_FORMAL_DESIGN_2026_08_31
omega_44,Crackers,14777.0,1000 meals,14000.0,206878000.0,22 g serving,none_exact_float_expression,approximate_energy_service_normalization,R6_FINAL_FORMAL_DESIGN_2026_08_31
omega_45,Water,9000.0,1000 gallons,1000.0,9000000.0,gallon,none_exact_float_expression,physical_unit_conversion,R6_FINAL_FORMAL_DESIGN_2026_08_31
omega_45,Seasonal Influenza Vaccine,2047.0,abstract medical unit,10.0603621730382,20593.5613682093,dose,none_exact_float_expression,economic_scale_preserving_service_normalization,R6_FINAL_FORMAL_DESIGN_2026_08_31
omega_45,Crackers,1933.0,1000 meals,14000.0,27062000.0,22 g serving,none_exact_float_expression,approximate_energy_service_normalization,R6_FINAL_FORMAL_DESIGN_2026_08_31
omega_46,Water,2361.0,1000 gallons,1000.0,2361000.0,gallon,none_exact_float_expression,physical_unit_conversion,R6_FINAL_FORMAL_DESIGN_2026_08_31
omega_46,Seasonal Influenza Vaccine,762.0,abstract medical unit,10.0603621730382,7665.99597585513,dose,none_exact_float_expression,economic_scale_preserving_service_normalization,R6_FINAL_FORMAL_DESIGN_2026_08_31
omega_46,Crackers,343.0,1000 meals,14000.0,4802000.0,22 g serving,none_exact_float_expression,approximate_energy_service_normalization,R6_FINAL_FORMAL_DESIGN_2026_08_31
omega_47,Water,2100.0,1000 gallons,1000.0,2100000.0,gallon,none_exact_float_expression,physical_unit_conversion,R6_FINAL_FORMAL_DESIGN_2026_08_31
omega_47,Seasonal Influenza Vaccine,1080.0,abstract medical unit,10.0603621730382,10865.1911468813,dose,none_exact_float_expression,economic_scale_preserving_service_normalization,R6_FINAL_FORMAL_DESIGN_2026_08_31
omega_47,Crackers,486.0,1000 meals,14000.0,6804000.0,22 g serving,none_exact_float_expression,approximate_energy_service_normalization,R6_FINAL_FORMAL_DESIGN_2026_08_31
omega_48,Water,8500.0,1000 gallons,1000.0,8500000.0,gallon,none_exact_float_expression,physical_unit_conversion,R6_FINAL_FORMAL_DESIGN_2026_08_31
omega_48,Seasonal Influenza Vaccine,3438.0,abstract medical unit,10.0603621730382,34587.5251509054,dose,none_exact_float_expression,economic_scale_preserving_service_normalization,R6_FINAL_FORMAL_DESIGN_2026_08_31
omega_48,Crackers,3609.0,1000 meals,14000.0,50526000.0,22 g serving,none_exact_float_expression,approximate_energy_service_normalization,R6_FINAL_FORMAL_DESIGN_2026_08_31
omega_49,Water,1861.0,1000 gallons,1000.0,1861000.0,gallon,none_exact_float_expression,physical_unit_conversion,R6_FINAL_FORMAL_DESIGN_2026_08_31
omega_49,Seasonal Influenza Vaccine,2153.0,abstract medical unit,10.0603621730382,21659.9597585513,dose,none_exact_float_expression,economic_scale_preserving_service_normalization,R6_FINAL_FORMAL_DESIGN_2026_08_31
omega_49,Crackers,2019.0,1000 meals,14000.0,28266000.0,22 g serving,none_exact_float_expression,approximate_energy_service_normalization,R6_FINAL_FORMAL_DESIGN_2026_08_31
omega_50,Water,1600.0,1000 gallons,1000.0,1600000.0,gallon,none_exact_float_expression,physical_unit_conversion,R6_FINAL_FORMAL_DESIGN_2026_08_31
omega_50,Seasonal Influenza Vaccine,2471.0,abstract medical unit,10.0603621730382,24859.1549295775,dose,none_exact_float_expression,economic_scale_preserving_service_normalization,R6_FINAL_FORMAL_DESIGN_2026_08_31
omega_50,Crackers,2162.0,1000 meals,14000.0,30268000.0,22 g serving,none_exact_float_expression,approximate_energy_service_normalization,R6_FINAL_FORMAL_DESIGN_2026_08_31
omega_51,Water,0,1000 gallons,1000.0,0.0,gallon,none_exact_float_expression,physical_unit_conversion,R6_FINAL_FORMAL_DESIGN_2026_08_31
omega_51,Seasonal Influenza Vaccine,0,abstract medical unit,10.0603621730382,0.0,dose,none_exact_float_expression,economic_scale_preserving_service_normalization,R6_FINAL_FORMAL_DESIGN_2026_08_31
omega_51,Crackers,0,1000 meals,14000.0,0.0,22 g serving,none_exact_float_expression,approximate_energy_service_normalization,R6_FINAL_FORMAL_DESIGN_2026_08_31
