chn_evidence_id,paper_country_code,affected_country,affected_country_code,chn_site_code,chn_site_name,event_date,storm_name,wind_mph,chn_original_category,chn_country_impact_category,closest_point_of_approach_miles,hurdat_storm_id,match_status,candidate_hurdat_ids,hurdat_country_impact_category,category_conflict_flag,adopted_country_impact_category,country_impact_category_status,adoption_rule,source_dataset,source_reference,source_locator,source_url,source_sha256,proximity_rule,provenance_class
CHN-MYAB-20190901-085,BHS,Bahamas,BHS,MYAB,", Bahamas",2019-09-01,DORIAN,184,H5,H5,2,AL052019,CONFIRMED_EXACT_NAME_DATE,AL052019,H5,NO,H5,RESOLVED,HURDAT category within +/-1 day of CHN country-impact date; adopt HURDAT when it differs from CHN,CARIBBEAN_HURRICANE_NETWORK,CHN_CURRENT_MYAB_ALL_ISL,MYAB_all_isl.htm:storm_row:85,https://www.stormcarib.com/climatology/MYAB_all_isl.htm,b1447f023fa4002a375dc789bd475cae45c3fbf662b80b2e28c8c8acdfa48663,named tropical system passing within 60 nautical miles of CHN location,DIRECT
CHN-MYAB-20190915-086,BHS,Bahamas,BHS,MYAB,", Bahamas",2019-09-15,HUMBERTO,58,TS,TS,28,AL092019,CONFIRMED_EXACT_NAME_DATE,AL092019,H1,YES,H1,RESOLVED,HURDAT category within +/-1 day of CHN country-impact date; adopt HURDAT when it differs from CHN,CARIBBEAN_HURRICANE_NETWORK,CHN_CURRENT_MYAB_ALL_ISL,MYAB_all_isl.htm:storm_row:86,https://www.stormcarib.com/climatology/MYAB_all_isl.htm,b1447f023fa4002a375dc789bd475cae45c3fbf662b80b2e28c8c8acdfa48663,named tropical system passing within 60 nautical miles of CHN location,DIRECT
CHN-MYGF-20190902-080,BHS,Bahamas,BHS,MYGF,"Grand Bahama, Bahamas",2019-09-02,DORIAN,178,H5,H5,25,AL052019,CONFIRMED_EXACT_NAME_DATE,AL052019,H5,NO,H5,RESOLVED,HURDAT category within +/-1 day of CHN country-impact date; adopt HURDAT when it differs from CHN,CARIBBEAN_HURRICANE_NETWORK,CHN_CURRENT_MYGF_ALL_ISL,MYGF_all_isl.htm:storm_row:80,https://www.stormcarib.com/climatology/MYGF_all_isl.htm,bed943601f7b8b4abf8928ddff5a230c17a686f62686be63c5a65313eb38b868,named tropical system passing within 60 nautical miles of CHN location,DIRECT
CHN-TXKF-20190919-069,BMU,Bermuda,BMU,TXKF,Bermuda,2019-09-19,HUMBERTO,127,H3,H3,60,AL092019,CONFIRMED_EXACT_NAME_DATE,AL092019,H3,NO,H3,RESOLVED,HURDAT category within +/-1 day of CHN country-impact date; adopt HURDAT when it differs from CHN,CARIBBEAN_HURRICANE_NETWORK,CHN_CURRENT_TXKF_ALL_ISL,TXKF_all_isl.htm:storm_row:69,https://www.stormcarib.com/climatology/TXKF_all_isl.htm,91791e184286599d510ad15058cbb39d631d96114fbe9c95fb3df6a31d401409,named tropical system passing within 60 nautical miles of CHN location,DIRECT
CHN-TBPB-20180927-059,BRB,Barbados,BRB,TBPB,Barbados,2018-09-27,KIRK,58,TS,TS,52,AL122018,CONFIRMED_EXACT_NAME_DATE,AL122018,TS_OR_LOWER,NO,TS_OR_LOWER,RESOLVED,HURDAT category within +/-1 day of CHN country-impact date; adopt HURDAT when it differs from CHN,CARIBBEAN_HURRICANE_NETWORK,CHN_CURRENT_TBPB_ALL_ISL,TBPB_all_isl.htm:storm_row:59,https://www.stormcarib.com/climatology/TBPB_all_isl.htm,7b8aea2c01c4dbbeb57c14e9828defb9d21402e8cc467916f9dd2fcbb18741b0,named tropical system passing within 60 nautical miles of CHN location,DIRECT
CHN-TBPB-20190827-060,BRB,Barbados,BRB,TBPB,Barbados,2019-08-27,DORIAN,52,TS,TS,4,AL052019,CONFIRMED_EXACT_NAME_DATE,AL052019,H1,YES,H1,RESOLVED,HURDAT category within +/-1 day of CHN country-impact date; adopt HURDAT when it differs from CHN,CARIBBEAN_HURRICANE_NETWORK,CHN_CURRENT_TBPB_ALL_ISL,TBPB_all_isl.htm:storm_row:60,https://www.stormcarib.com/climatology/TBPB_all_isl.htm,7b8aea2c01c4dbbeb57c14e9828defb9d21402e8cc467916f9dd2fcbb18741b0,named tropical system passing within 60 nautical miles of CHN location,DIRECT
CHN-TUPJ-20190828-066,BVI,British Virgin Islands,VGB,TUPJ,"Tortola, BVI",2019-08-28,DORIAN,81,H1,H1,31,AL052019,CONFIRMED_EXACT_NAME_DATE,AL052019,H1,NO,H1,RESOLVED,HURDAT category within +/-1 day of CHN country-impact date; adopt HURDAT when it differs from CHN,CARIBBEAN_HURRICANE_NETWORK,CHN_CURRENT_TUPJ_ALL_ISL,TUPJ_all_isl.htm:storm_row:66,https://www.stormcarib.com/climatology/TUPJ_all_isl.htm,dc9d5e90bdfdcb3a95a2b9b1dc456e24bd9727382bd154f458c6ea7b901c304b,named tropical system passing within 60 nautical miles of CHN location,DIRECT
CHN-TUPJ-20190924-067,BVI,British Virgin Islands,VGB,TUPJ,"Tortola, BVI",2019-09-24,KAREN,46,TS,TS,44,AL122019,CONFIRMED_EXACT_NAME_DATE,AL122019,TS_OR_LOWER,NO,TS_OR_LOWER,RESOLVED,HURDAT category within +/-1 day of CHN country-impact date; adopt HURDAT when it differs from CHN,CARIBBEAN_HURRICANE_NETWORK,CHN_CURRENT_TUPJ_ALL_ISL,TUPJ_all_isl.htm:storm_row:67,https://www.stormcarib.com/climatology/TUPJ_all_isl.htm,dc9d5e90bdfdcb3a95a2b9b1dc456e24bd9727382bd154f458c6ea7b901c304b,named tropical system passing within 60 nautical miles of CHN location,DIRECT
CHN-TUVG-20190828-064,BVI,British Virgin Islands,VGB,TUVG,"Virgin Gorda, BVI",2019-08-28,DORIAN,81,H1,H1,40,AL052019,CONFIRMED_EXACT_NAME_DATE,AL052019,H1,NO,H1,RESOLVED,HURDAT category within +/-1 day of CHN country-impact date; adopt HURDAT when it differs from CHN,CARIBBEAN_HURRICANE_NETWORK,CHN_CURRENT_TUVG_ALL_ISL,TUVG_all_isl.htm:storm_row:64,https://www.stormcarib.com/climatology/TUVG_all_isl.htm,20438e2d0b2a920a825fd8ef348c1f24e59ae796c8a82516955a68fe75877061,named tropical system passing within 60 nautical miles of CHN location,DIRECT
CHN-TUVG-20190924-065,BVI,British Virgin Islands,VGB,TUVG,"Virgin Gorda, BVI",2019-09-24,KAREN,46,TS,TS,53,AL122019,CONFIRMED_EXACT_NAME_DATE,AL122019,TS_OR_LOWER,NO,TS_OR_LOWER,RESOLVED,HURDAT category within +/-1 day of CHN country-impact date; adopt HURDAT when it differs from CHN,CARIBBEAN_HURRICANE_NETWORK,CHN_CURRENT_TUVG_ALL_ISL,TUVG_all_isl.htm:storm_row:65,https://www.stormcarib.com/climatology/TUVG_all_isl.htm,20438e2d0b2a920a825fd8ef348c1f24e59ae796c8a82516955a68fe75877061,named tropical system passing within 60 nautical miles of CHN location,DIRECT
CHN-TUAN-20190828-066,BVI,British Virgin Islands,VGB,TUAN,"Anegada, BVI",2019-08-28,DORIAN,81,H1,H1,54,AL052019,CONFIRMED_EXACT_NAME_DATE,AL052019,H1,NO,H1,RESOLVED,HURDAT category within +/-1 day of CHN country-impact date; adopt HURDAT when it differs from CHN,CARIBBEAN_HURRICANE_NETWORK,CHN_CURRENT_TUAN_ALL_ISL,TUAN_all_isl.htm:storm_row:66,https://www.stormcarib.com/climatology/TUAN_all_isl.htm,7fddec6914fafcfce17fbb167af27dc6813ae4b968b3b5a9846dc33bf15ffee1,named tropical system passing within 60 nautical miles of CHN location,DIRECT
CHN-TUAN-20190924-067,BVI,British Virgin Islands,VGB,TUAN,"Anegada, BVI",2019-09-24,KAREN,46,TS,TS,54,AL122019,CONFIRMED_EXACT_NAME_DATE,AL122019,TS_OR_LOWER,NO,TS_OR_LOWER,RESOLVED,HURDAT category within +/-1 day of CHN country-impact date; adopt HURDAT when it differs from CHN,CARIBBEAN_HURRICANE_NETWORK,CHN_CURRENT_TUAN_ALL_ISL,TUAN_all_isl.htm:storm_row:67,https://www.stormcarib.com/climatology/TUAN_all_isl.htm,7fddec6914fafcfce17fbb167af27dc6813ae4b968b3b5a9846dc33bf15ffee1,named tropical system passing within 60 nautical miles of CHN location,DIRECT
CHN-TDPD-20180709-065,DMA,Dominica,DMA,TDPD,Dominica,2018-07-09,BERYL,40,TS,TS,2,AL022018,CONFIRMED_EXACT_NAME_DATE,AL022018,TS_OR_LOWER,NO,TS_OR_LOWER,RESOLVED,HURDAT category within +/-1 day of CHN country-impact date; adopt HURDAT when it differs from CHN,CARIBBEAN_HURRICANE_NETWORK,CHN_CURRENT_TDPD_ALL_ISL,TDPD_all_isl.htm:storm_row:65,https://www.stormcarib.com/climatology/TDPD_all_isl.htm,a6fb1a0ca126b24880adf971b630fefeb3016f98e59c5d5d9847448afb4d908c,named tropical system passing within 60 nautical miles of CHN location,DIRECT
CHN-TDPD-20180913-066,DMA,Dominica,DMA,TDPD,Dominica,2018-09-13,ISAAC,46,TS,TS,43,AL092018,CONFIRMED_EXACT_NAME_DATE,AL092018,TS_OR_LOWER,NO,TS_OR_LOWER,RESOLVED,HURDAT category within +/-1 day of CHN country-impact date; adopt HURDAT when it differs from CHN,CARIBBEAN_HURRICANE_NETWORK,CHN_CURRENT_TDPD_ALL_ISL,TDPD_all_isl.htm:storm_row:66,https://www.stormcarib.com/climatology/TDPD_all_isl.htm,a6fb1a0ca126b24880adf971b630fefeb3016f98e59c5d5d9847448afb4d908c,named tropical system passing within 60 nautical miles of CHN location,DIRECT
CHN-TDPD-20190827-067,DMA,Dominica,DMA,TDPD,Dominica,2019-08-27,DORIAN,52,TS,TS,59,AL052019,CONFIRMED_EXACT_NAME_DATE,AL052019,H1,YES,H1,RESOLVED,HURDAT category within +/-1 day of CHN country-impact date; adopt HURDAT when it differs from CHN,CARIBBEAN_HURRICANE_NETWORK,CHN_CURRENT_TDPD_ALL_ISL,TDPD_all_isl.htm:storm_row:67,https://www.stormcarib.com/climatology/TDPD_all_isl.htm,a6fb1a0ca126b24880adf971b630fefeb3016f98e59c5d5d9847448afb4d908c,named tropical system passing within 60 nautical miles of CHN location,DIRECT
CHN-TGPY-20190922-036,GRD,Grenada,GRD,TGPY,Grenada,2019-09-22,KAREN,40,TS,TS,22,AL122019,CONFIRMED_EXACT_NAME_DATE,AL122019,TS_OR_LOWER,NO,TS_OR_LOWER,RESOLVED,HURDAT category within +/-1 day of CHN country-impact date; adopt HURDAT when it differs from CHN,CARIBBEAN_HURRICANE_NETWORK,CHN_CURRENT_TGPY_ALL_ISL,TGPY_all_isl.htm:storm_row:36,https://www.stormcarib.com/climatology/TGPY_all_isl.htm,885c3c3510882a5453063b0648cd00890d4baee866aab8eccff7e4b83fc3884b,named tropical system passing within 60 nautical miles of CHN location,DIRECT
CHN-TLPC-20180928-062,LCA,Saint Lucia,LCA,TLPC,St.Lucia,2018-09-28,KIRK,52,TS,TS,2,AL122018,CONFIRMED_EXACT_NAME_DATE,AL122018,TS_OR_LOWER,NO,TS_OR_LOWER,RESOLVED,HURDAT category within +/-1 day of CHN country-impact date; adopt HURDAT when it differs from CHN,CARIBBEAN_HURRICANE_NETWORK,CHN_CURRENT_TLPC_ALL_ISL,TLPC_all_isl.htm:storm_row:62,https://www.stormcarib.com/climatology/TLPC_all_isl.htm,602aff6103617dbe373883ccafc8f198751ad705e12151eaab2db1963ca8fd6f,named tropical system passing within 60 nautical miles of CHN location,DIRECT
CHN-TLPC-20190827-063,LCA,Saint Lucia,LCA,TLPC,St.Lucia,2019-08-27,DORIAN,52,TS,TS,16,AL052019,CONFIRMED_EXACT_NAME_DATE,AL052019,H1,YES,H1,RESOLVED,HURDAT category within +/-1 day of CHN country-impact date; adopt HURDAT when it differs from CHN,CARIBBEAN_HURRICANE_NETWORK,CHN_CURRENT_TLPC_ALL_ISL,TLPC_all_isl.htm:storm_row:63,https://www.stormcarib.com/climatology/TLPC_all_isl.htm,602aff6103617dbe373883ccafc8f198751ad705e12151eaab2db1963ca8fd6f,named tropical system passing within 60 nautical miles of CHN location,DIRECT
CHN-TKMN-20180709-066,MST,Montserrat,MSR,TKMN,Montserrat,2018-07-09,BERYL,40,TS,TS,59,AL022018,CONFIRMED_EXACT_NAME_DATE,AL022018,TS_OR_LOWER,NO,TS_OR_LOWER,RESOLVED,HURDAT category within +/-1 day of CHN country-impact date; adopt HURDAT when it differs from CHN,CARIBBEAN_HURRICANE_NETWORK,CHN_CURRENT_TKMN_ALL_ISL,TKMN_all_isl.htm:storm_row:66,https://www.stormcarib.com/climatology/TKMN_all_isl.htm,37613234fa28aa9751b6cc1877010d59b2309f0fb6a7529be61104358b9cd73e,named tropical system passing within 60 nautical miles of CHN location,DIRECT
CHN-TTPT-20190922-022,TTO,Trinidad and Tobago,TTO,TTPT,Tobago,2019-09-22,KAREN,40,TS,TS,59,AL122019,CONFIRMED_EXACT_NAME_DATE,AL122019,TS_OR_LOWER,NO,TS_OR_LOWER,RESOLVED,HURDAT category within +/-1 day of CHN country-impact date; adopt HURDAT when it differs from CHN,CARIBBEAN_HURRICANE_NETWORK,CHN_CURRENT_TTPT_ALL_ISL,TTPT_all_isl.htm:storm_row:22,https://www.stormcarib.com/climatology/TTPT_all_isl.htm,fd731bf597dbce78758706e0c2bfb1fe16985863f2c3a80e9726f2a561f0c391,named tropical system passing within 60 nautical miles of CHN location,DIRECT
CHN-TVSV-20180928-057,VCT,Saint Vincent and the Grenadines,VCT,TVSV,St.Vincent,2018-09-28,KIRK,52,TS,TS,32,AL122018,CONFIRMED_EXACT_NAME_DATE,AL122018,TS_OR_LOWER,NO,TS_OR_LOWER,RESOLVED,HURDAT category within +/-1 day of CHN country-impact date; adopt HURDAT when it differs from CHN,CARIBBEAN_HURRICANE_NETWORK,CHN_CURRENT_TVSV_ALL_ISL,TVSV_all_isl.htm:storm_row:57,https://www.stormcarib.com/climatology/TVSV_all_isl.htm,39a00eb3e8f9c94f1cbff5185caee2b1c6678ebb46c2777b8770e1dc3eecb27e,named tropical system passing within 60 nautical miles of CHN location,DIRECT
CHN-TVSV-20190827-058,VCT,Saint Vincent and the Grenadines,VCT,TVSV,St.Vincent,2019-08-27,DORIAN,52,TS,TS,60,AL052019,CONFIRMED_EXACT_NAME_DATE,AL052019,H1,YES,H1,RESOLVED,HURDAT category within +/-1 day of CHN country-impact date; adopt HURDAT when it differs from CHN,CARIBBEAN_HURRICANE_NETWORK,CHN_CURRENT_TVSV_ALL_ISL,TVSV_all_isl.htm:storm_row:58,https://www.stormcarib.com/climatology/TVSV_all_isl.htm,39a00eb3e8f9c94f1cbff5185caee2b1c6678ebb46c2777b8770e1dc3eecb27e,named tropical system passing within 60 nautical miles of CHN location,DIRECT
CHN-TVSV-20190922-059,VCT,Saint Vincent and the Grenadines,VCT,TVSV,St.Vincent,2019-09-22,KAREN,40,TS,TS,64,AL122019,CONFIRMED_EXACT_NAME_DATE,AL122019,TS_OR_LOWER,NO,TS_OR_LOWER,RESOLVED,HURDAT category within +/-1 day of CHN country-impact date; adopt HURDAT when it differs from CHN,CARIBBEAN_HURRICANE_NETWORK,CHN_CURRENT_TVSV_ALL_ISL,TVSV_all_isl.htm:storm_row:59,https://www.stormcarib.com/climatology/TVSV_all_isl.htm,39a00eb3e8f9c94f1cbff5185caee2b1c6678ebb46c2777b8770e1dc3eecb27e,named tropical system passing within 60 nautical miles of CHN location,DIRECT
