source_row,paper_country_code,country,iso3,population_source_location,year,population_1_july_persons,original_population_thousands,variant,source_dataset,source_reference,source_locator,transformation_rule,provenance_class
71358,AIA,Anguilla,AIA,Anguilla,2018,14721,14.721,Medium,UN_WPP_2024,UN_WPP_2024_MEDIUM_DEMOGRAPHIC_INDICATORS,row:71358,TPopulation1July (thousands) multiplied by 1000 and rounded to nearest person,DERIVED
71359,AIA,Anguilla,AIA,Anguilla,2019,14823,14.823,Medium,UN_WPP_2024,UN_WPP_2024_MEDIUM_DEMOGRAPHIC_INDICATORS,row:71359,TPopulation1July (thousands) multiplied by 1000 and rounded to nearest person,DERIVED
71360,AIA,Anguilla,AIA,Anguilla,2020,14843,14.843,Medium,UN_WPP_2024,UN_WPP_2024_MEDIUM_DEMOGRAPHIC_INDICATORS,row:71360,TPopulation1July (thousands) multiplied by 1000 and rounded to nearest person,DERIVED
71361,AIA,Anguilla,AIA,Anguilla,2021,14475,14.475,Medium,UN_WPP_2024,UN_WPP_2024_MEDIUM_DEMOGRAPHIC_INDICATORS,row:71361,TPopulation1July (thousands) multiplied by 1000 and rounded to nearest person,DERIVED
71362,AIA,Anguilla,AIA,Anguilla,2022,14180,14.18,Medium,UN_WPP_2024,UN_WPP_2024_MEDIUM_DEMOGRAPHIC_INDICATORS,row:71362,TPopulation1July (thousands) multiplied by 1000 and rounded to nearest person,DERIVED
71363,AIA,Anguilla,AIA,Anguilla,2023,14410,14.41,Medium,UN_WPP_2024,UN_WPP_2024_MEDIUM_DEMOGRAPHIC_INDICATORS,row:71363,TPopulation1July (thousands) multiplied by 1000 and rounded to nearest person,DERIVED
71364,AIA,Anguilla,AIA,Anguilla,2024,14598,14.598,Medium,UN_WPP_2024,UN_WPP_2024_MEDIUM_DEMOGRAPHIC_INDICATORS,row:71364,TPopulation1July (thousands) multiplied by 1000 and rounded to nearest person,DERIVED
71365,AIA,Anguilla,AIA,Anguilla,2025,14728,14.728,Medium,UN_WPP_2024,UN_WPP_2024_MEDIUM_DEMOGRAPHIC_INDICATORS,row:71365,TPopulation1July (thousands) multiplied by 1000 and rounded to nearest person,DERIVED
71510,ATG,Antigua and Barbuda,ATG,Antigua and Barbuda,2018,90926,90.926,Medium,UN_WPP_2024,UN_WPP_2024_MEDIUM_DEMOGRAPHIC_INDICATORS,row:71510,TPopulation1July (thousands) multiplied by 1000 and rounded to nearest person,DERIVED
71511,ATG,Antigua and Barbuda,ATG,Antigua and Barbuda,2019,91364,91.364,Medium,UN_WPP_2024,UN_WPP_2024_MEDIUM_DEMOGRAPHIC_INDICATORS,row:71511,TPopulation1July (thousands) multiplied by 1000 and rounded to nearest person,DERIVED
71512,ATG,Antigua and Barbuda,ATG,Antigua and Barbuda,2020,91846,91.846,Medium,UN_WPP_2024,UN_WPP_2024_MEDIUM_DEMOGRAPHIC_INDICATORS,row:71512,TPopulation1July (thousands) multiplied by 1000 and rounded to nearest person,DERIVED
71513,ATG,Antigua and Barbuda,ATG,Antigua and Barbuda,2021,92349,92.349,Medium,UN_WPP_2024,UN_WPP_2024_MEDIUM_DEMOGRAPHIC_INDICATORS,row:71513,TPopulation1July (thousands) multiplied by 1000 and rounded to nearest person,DERIVED
71514,ATG,Antigua and Barbuda,ATG,Antigua and Barbuda,2022,92840,92.84,Medium,UN_WPP_2024,UN_WPP_2024_MEDIUM_DEMOGRAPHIC_INDICATORS,row:71514,TPopulation1July (thousands) multiplied by 1000 and rounded to nearest person,DERIVED
71515,ATG,Antigua and Barbuda,ATG,Antigua and Barbuda,2023,93316,93.316,Medium,UN_WPP_2024,UN_WPP_2024_MEDIUM_DEMOGRAPHIC_INDICATORS,row:71515,TPopulation1July (thousands) multiplied by 1000 and rounded to nearest person,DERIVED
71516,ATG,Antigua and Barbuda,ATG,Antigua and Barbuda,2024,93772,93.772,Medium,UN_WPP_2024,UN_WPP_2024_MEDIUM_DEMOGRAPHIC_INDICATORS,row:71516,TPopulation1July (thousands) multiplied by 1000 and rounded to nearest person,DERIVED
71517,ATG,Antigua and Barbuda,ATG,Antigua and Barbuda,2025,94208,94.208,Medium,UN_WPP_2024,UN_WPP_2024_MEDIUM_DEMOGRAPHIC_INDICATORS,row:71517,TPopulation1July (thousands) multiplied by 1000 and rounded to nearest person,DERIVED
71814,BHS,Bahamas,BHS,Bahamas,2018,392717,392.717,Medium,UN_WPP_2024,UN_WPP_2024_MEDIUM_DEMOGRAPHIC_INDICATORS,row:71814,TPopulation1July (thousands) multiplied by 1000 and rounded to nearest person,DERIVED
71815,BHS,Bahamas,BHS,Bahamas,2019,394675,394.675,Medium,UN_WPP_2024,UN_WPP_2024_MEDIUM_DEMOGRAPHIC_INDICATORS,row:71815,TPopulation1July (thousands) multiplied by 1000 and rounded to nearest person,DERIVED
71816,BHS,Bahamas,BHS,Bahamas,2020,395862,395.862,Medium,UN_WPP_2024,UN_WPP_2024_MEDIUM_DEMOGRAPHIC_INDICATORS,row:71816,TPopulation1July (thousands) multiplied by 1000 and rounded to nearest person,DERIVED
71817,BHS,Bahamas,BHS,Bahamas,2021,396373,396.373,Medium,UN_WPP_2024,UN_WPP_2024_MEDIUM_DEMOGRAPHIC_INDICATORS,row:71817,TPopulation1July (thousands) multiplied by 1000 and rounded to nearest person,DERIVED
71818,BHS,Bahamas,BHS,Bahamas,2022,397538,397.538,Medium,UN_WPP_2024,UN_WPP_2024_MEDIUM_DEMOGRAPHIC_INDICATORS,row:71818,TPopulation1July (thousands) multiplied by 1000 and rounded to nearest person,DERIVED
71819,BHS,Bahamas,BHS,Bahamas,2023,399440,399.44,Medium,UN_WPP_2024,UN_WPP_2024_MEDIUM_DEMOGRAPHIC_INDICATORS,row:71819,TPopulation1July (thousands) multiplied by 1000 and rounded to nearest person,DERIVED
71820,BHS,Bahamas,BHS,Bahamas,2024,401283,401.283,Medium,UN_WPP_2024,UN_WPP_2024_MEDIUM_DEMOGRAPHIC_INDICATORS,row:71820,TPopulation1July (thousands) multiplied by 1000 and rounded to nearest person,DERIVED
71821,BHS,Bahamas,BHS,Bahamas,2025,403033,403.033,Medium,UN_WPP_2024,UN_WPP_2024_MEDIUM_DEMOGRAPHIC_INDICATORS,row:71821,TPopulation1July (thousands) multiplied by 1000 and rounded to nearest person,DERIVED
71966,BRB,Barbados,BRB,Barbados,2018,280711,280.711,Medium,UN_WPP_2024,UN_WPP_2024_MEDIUM_DEMOGRAPHIC_INDICATORS,row:71966,TPopulation1July (thousands) multiplied by 1000 and rounded to nearest person,DERIVED
71967,BRB,Barbados,BRB,Barbados,2019,281207,281.207,Medium,UN_WPP_2024,UN_WPP_2024_MEDIUM_DEMOGRAPHIC_INDICATORS,row:71967,TPopulation1July (thousands) multiplied by 1000 and rounded to nearest person,DERIVED
71968,BRB,Barbados,BRB,Barbados,2020,281698,281.698,Medium,UN_WPP_2024,UN_WPP_2024_MEDIUM_DEMOGRAPHIC_INDICATORS,row:71968,TPopulation1July (thousands) multiplied by 1000 and rounded to nearest person,DERIVED
71969,BRB,Barbados,BRB,Barbados,2021,282146,282.146,Medium,UN_WPP_2024,UN_WPP_2024_MEDIUM_DEMOGRAPHIC_INDICATORS,row:71969,TPopulation1July (thousands) multiplied by 1000 and rounded to nearest person,DERIVED
71970,BRB,Barbados,BRB,Barbados,2022,282318,282.318,Medium,UN_WPP_2024,UN_WPP_2024_MEDIUM_DEMOGRAPHIC_INDICATORS,row:71970,TPopulation1July (thousands) multiplied by 1000 and rounded to nearest person,DERIVED
71971,BRB,Barbados,BRB,Barbados,2023,282336,282.336,Medium,UN_WPP_2024,UN_WPP_2024_MEDIUM_DEMOGRAPHIC_INDICATORS,row:71971,TPopulation1July (thousands) multiplied by 1000 and rounded to nearest person,DERIVED
71972,BRB,Barbados,BRB,Barbados,2024,282467,282.467,Medium,UN_WPP_2024,UN_WPP_2024_MEDIUM_DEMOGRAPHIC_INDICATORS,row:71972,TPopulation1July (thousands) multiplied by 1000 and rounded to nearest person,DERIVED
71973,BRB,Barbados,BRB,Barbados,2025,282623,282.623,Medium,UN_WPP_2024,UN_WPP_2024_MEDIUM_DEMOGRAPHIC_INDICATORS,row:71973,TPopulation1July (thousands) multiplied by 1000 and rounded to nearest person,DERIVED
72270,BVI,British Virgin Islands,VGB,British Virgin Islands,2018,34657,34.657,Medium,UN_WPP_2024,UN_WPP_2024_MEDIUM_DEMOGRAPHIC_INDICATORS,row:72270,TPopulation1July (thousands) multiplied by 1000 and rounded to nearest person,DERIVED
72271,BVI,British Virgin Islands,VGB,British Virgin Islands,2019,36394,36.394,Medium,UN_WPP_2024,UN_WPP_2024_MEDIUM_DEMOGRAPHIC_INDICATORS,row:72271,TPopulation1July (thousands) multiplied by 1000 and rounded to nearest person,DERIVED
72272,BVI,British Virgin Islands,VGB,British Virgin Islands,2020,37135,37.135,Medium,UN_WPP_2024,UN_WPP_2024_MEDIUM_DEMOGRAPHIC_INDICATORS,row:72272,TPopulation1July (thousands) multiplied by 1000 and rounded to nearest person,DERIVED
72273,BVI,British Virgin Islands,VGB,British Virgin Islands,2021,37810,37.81,Medium,UN_WPP_2024,UN_WPP_2024_MEDIUM_DEMOGRAPHIC_INDICATORS,row:72273,TPopulation1July (thousands) multiplied by 1000 and rounded to nearest person,DERIVED
72274,BVI,British Virgin Islands,VGB,British Virgin Islands,2022,38319,38.319,Medium,UN_WPP_2024,UN_WPP_2024_MEDIUM_DEMOGRAPHIC_INDICATORS,row:72274,TPopulation1July (thousands) multiplied by 1000 and rounded to nearest person,DERIVED
72275,BVI,British Virgin Islands,VGB,British Virgin Islands,2023,38985,38.985,Medium,UN_WPP_2024,UN_WPP_2024_MEDIUM_DEMOGRAPHIC_INDICATORS,row:72275,TPopulation1July (thousands) multiplied by 1000 and rounded to nearest person,DERIVED
72276,BVI,British Virgin Islands,VGB,British Virgin Islands,2024,39471,39.471,Medium,UN_WPP_2024,UN_WPP_2024_MEDIUM_DEMOGRAPHIC_INDICATORS,row:72276,TPopulation1July (thousands) multiplied by 1000 and rounded to nearest person,DERIVED
72277,BVI,British Virgin Islands,VGB,British Virgin Islands,2025,39732,39.732,Medium,UN_WPP_2024,UN_WPP_2024_MEDIUM_DEMOGRAPHIC_INDICATORS,row:72277,TPopulation1July (thousands) multiplied by 1000 and rounded to nearest person,DERIVED
72422,CYM,Cayman Islands,CYM,Cayman Islands,2018,65940,65.94,Medium,UN_WPP_2024,UN_WPP_2024_MEDIUM_DEMOGRAPHIC_INDICATORS,row:72422,TPopulation1July (thousands) multiplied by 1000 and rounded to nearest person,DERIVED
72423,CYM,Cayman Islands,CYM,Cayman Islands,2019,67327,67.327,Medium,UN_WPP_2024,UN_WPP_2024_MEDIUM_DEMOGRAPHIC_INDICATORS,row:72423,TPopulation1July (thousands) multiplied by 1000 and rounded to nearest person,DERIVED
72424,CYM,Cayman Islands,CYM,Cayman Islands,2020,68684,68.684,Medium,UN_WPP_2024,UN_WPP_2024_MEDIUM_DEMOGRAPHIC_INDICATORS,row:72424,TPopulation1July (thousands) multiplied by 1000 and rounded to nearest person,DERIVED
72425,CYM,Cayman Islands,CYM,Cayman Islands,2021,70108,70.108,Medium,UN_WPP_2024,UN_WPP_2024_MEDIUM_DEMOGRAPHIC_INDICATORS,row:72425,TPopulation1July (thousands) multiplied by 1000 and rounded to nearest person,DERIVED
72426,CYM,Cayman Islands,CYM,Cayman Islands,2022,71592,71.592,Medium,UN_WPP_2024,UN_WPP_2024_MEDIUM_DEMOGRAPHIC_INDICATORS,row:72426,TPopulation1July (thousands) multiplied by 1000 and rounded to nearest person,DERIVED
72427,CYM,Cayman Islands,CYM,Cayman Islands,2023,73038,73.038,Medium,UN_WPP_2024,UN_WPP_2024_MEDIUM_DEMOGRAPHIC_INDICATORS,row:72427,TPopulation1July (thousands) multiplied by 1000 and rounded to nearest person,DERIVED
72428,CYM,Cayman Islands,CYM,Cayman Islands,2024,74458,74.458,Medium,UN_WPP_2024,UN_WPP_2024_MEDIUM_DEMOGRAPHIC_INDICATORS,row:72428,TPopulation1July (thousands) multiplied by 1000 and rounded to nearest person,DERIVED
72429,CYM,Cayman Islands,CYM,Cayman Islands,2025,75844,75.844,Medium,UN_WPP_2024,UN_WPP_2024_MEDIUM_DEMOGRAPHIC_INDICATORS,row:72429,TPopulation1July (thousands) multiplied by 1000 and rounded to nearest person,DERIVED
72878,DMA,Dominica,DMA,Dominica,2018,68174,68.174,Medium,UN_WPP_2024,UN_WPP_2024_MEDIUM_DEMOGRAPHIC_INDICATORS,row:72878,TPopulation1July (thousands) multiplied by 1000 and rounded to nearest person,DERIVED
72879,DMA,Dominica,DMA,Dominica,2019,67880,67.88,Medium,UN_WPP_2024,UN_WPP_2024_MEDIUM_DEMOGRAPHIC_INDICATORS,row:72879,TPopulation1July (thousands) multiplied by 1000 and rounded to nearest person,DERIVED
72880,DMA,Dominica,DMA,Dominica,2020,67573,67.573,Medium,UN_WPP_2024,UN_WPP_2024_MEDIUM_DEMOGRAPHIC_INDICATORS,row:72880,TPopulation1July (thousands) multiplied by 1000 and rounded to nearest person,DERIVED
72881,DMA,Dominica,DMA,Dominica,2021,67202,67.202,Medium,UN_WPP_2024,UN_WPP_2024_MEDIUM_DEMOGRAPHIC_INDICATORS,row:72881,TPopulation1July (thousands) multiplied by 1000 and rounded to nearest person,DERIVED
72882,DMA,Dominica,DMA,Dominica,2022,66826,66.826,Medium,UN_WPP_2024,UN_WPP_2024_MEDIUM_DEMOGRAPHIC_INDICATORS,row:72882,TPopulation1July (thousands) multiplied by 1000 and rounded to nearest person,DERIVED
72883,DMA,Dominica,DMA,Dominica,2023,66510,66.51,Medium,UN_WPP_2024,UN_WPP_2024_MEDIUM_DEMOGRAPHIC_INDICATORS,row:72883,TPopulation1July (thousands) multiplied by 1000 and rounded to nearest person,DERIVED
72884,DMA,Dominica,DMA,Dominica,2024,66205,66.205,Medium,UN_WPP_2024,UN_WPP_2024_MEDIUM_DEMOGRAPHIC_INDICATORS,row:72884,TPopulation1July (thousands) multiplied by 1000 and rounded to nearest person,DERIVED
72885,DMA,Dominica,DMA,Dominica,2025,65872,65.872,Medium,UN_WPP_2024,UN_WPP_2024_MEDIUM_DEMOGRAPHIC_INDICATORS,row:72885,TPopulation1July (thousands) multiplied by 1000 and rounded to nearest person,DERIVED
73182,GRD,Grenada,GRD,Grenada,2018,115691,115.691,Medium,UN_WPP_2024,UN_WPP_2024_MEDIUM_DEMOGRAPHIC_INDICATORS,row:73182,TPopulation1July (thousands) multiplied by 1000 and rounded to nearest person,DERIVED
73183,GRD,Grenada,GRD,Grenada,2019,115982,115.982,Medium,UN_WPP_2024,UN_WPP_2024_MEDIUM_DEMOGRAPHIC_INDICATORS,row:73183,TPopulation1July (thousands) multiplied by 1000 and rounded to nearest person,DERIVED
73184,GRD,Grenada,GRD,Grenada,2020,116341,116.341,Medium,UN_WPP_2024,UN_WPP_2024_MEDIUM_DEMOGRAPHIC_INDICATORS,row:73184,TPopulation1July (thousands) multiplied by 1000 and rounded to nearest person,DERIVED
73185,GRD,Grenada,GRD,Grenada,2021,116688,116.688,Medium,UN_WPP_2024,UN_WPP_2024_MEDIUM_DEMOGRAPHIC_INDICATORS,row:73185,TPopulation1July (thousands) multiplied by 1000 and rounded to nearest person,DERIVED
73186,GRD,Grenada,GRD,Grenada,2022,116913,116.913,Medium,UN_WPP_2024,UN_WPP_2024_MEDIUM_DEMOGRAPHIC_INDICATORS,row:73186,TPopulation1July (thousands) multiplied by 1000 and rounded to nearest person,DERIVED
73187,GRD,Grenada,GRD,Grenada,2023,117081,117.081,Medium,UN_WPP_2024,UN_WPP_2024_MEDIUM_DEMOGRAPHIC_INDICATORS,row:73187,TPopulation1July (thousands) multiplied by 1000 and rounded to nearest person,DERIVED
73188,GRD,Grenada,GRD,Grenada,2024,117208,117.208,Medium,UN_WPP_2024,UN_WPP_2024_MEDIUM_DEMOGRAPHIC_INDICATORS,row:73188,TPopulation1July (thousands) multiplied by 1000 and rounded to nearest person,DERIVED
73189,GRD,Grenada,GRD,Grenada,2025,117304,117.304,Medium,UN_WPP_2024,UN_WPP_2024_MEDIUM_DEMOGRAPHIC_INDICATORS,row:73189,TPopulation1July (thousands) multiplied by 1000 and rounded to nearest person,DERIVED
73486,HTI,Haiti,HTI,Haiti,2018,10962362,10962.362,Medium,UN_WPP_2024,UN_WPP_2024_MEDIUM_DEMOGRAPHIC_INDICATORS,row:73486,TPopulation1July (thousands) multiplied by 1000 and rounded to nearest person,DERIVED
73487,HTI,Haiti,HTI,Haiti,2019,11105163,11105.163,Medium,UN_WPP_2024,UN_WPP_2024_MEDIUM_DEMOGRAPHIC_INDICATORS,row:73487,TPopulation1July (thousands) multiplied by 1000 and rounded to nearest person,DERIVED
73488,HTI,Haiti,HTI,Haiti,2020,11243848,11243.848,Medium,UN_WPP_2024,UN_WPP_2024_MEDIUM_DEMOGRAPHIC_INDICATORS,row:73488,TPopulation1July (thousands) multiplied by 1000 and rounded to nearest person,DERIVED
73489,HTI,Haiti,HTI,Haiti,2021,11374586,11374.586,Medium,UN_WPP_2024,UN_WPP_2024_MEDIUM_DEMOGRAPHIC_INDICATORS,row:73489,TPopulation1July (thousands) multiplied by 1000 and rounded to nearest person,DERIVED
73490,HTI,Haiti,HTI,Haiti,2022,11503606,11503.606,Medium,UN_WPP_2024,UN_WPP_2024_MEDIUM_DEMOGRAPHIC_INDICATORS,row:73490,TPopulation1July (thousands) multiplied by 1000 and rounded to nearest person,DERIVED
73491,HTI,Haiti,HTI,Haiti,2023,11637398,11637.398,Medium,UN_WPP_2024,UN_WPP_2024_MEDIUM_DEMOGRAPHIC_INDICATORS,row:73491,TPopulation1July (thousands) multiplied by 1000 and rounded to nearest person,DERIVED
73492,HTI,Haiti,HTI,Haiti,2024,11772557,11772.557,Medium,UN_WPP_2024,UN_WPP_2024_MEDIUM_DEMOGRAPHIC_INDICATORS,row:73492,TPopulation1July (thousands) multiplied by 1000 and rounded to nearest person,DERIVED
73493,HTI,Haiti,HTI,Haiti,2025,11906096,11906.096,Medium,UN_WPP_2024,UN_WPP_2024_MEDIUM_DEMOGRAPHIC_INDICATORS,row:73493,TPopulation1July (thousands) multiplied by 1000 and rounded to nearest person,DERIVED
73638,JAM,Jamaica,JAM,Jamaica,2018,2820097,2820.097,Medium,UN_WPP_2024,UN_WPP_2024_MEDIUM_DEMOGRAPHIC_INDICATORS,row:73638,TPopulation1July (thousands) multiplied by 1000 and rounded to nearest person,DERIVED
73639,JAM,Jamaica,JAM,Jamaica,2019,2823271,2823.271,Medium,UN_WPP_2024,UN_WPP_2024_MEDIUM_DEMOGRAPHIC_INDICATORS,row:73639,TPopulation1July (thousands) multiplied by 1000 and rounded to nearest person,DERIVED
73640,JAM,Jamaica,JAM,Jamaica,2020,2830739,2830.739,Medium,UN_WPP_2024,UN_WPP_2024_MEDIUM_DEMOGRAPHIC_INDICATORS,row:73640,TPopulation1July (thousands) multiplied by 1000 and rounded to nearest person,DERIVED
73641,JAM,Jamaica,JAM,Jamaica,2021,2837682,2837.682,Medium,UN_WPP_2024,UN_WPP_2024_MEDIUM_DEMOGRAPHIC_INDICATORS,row:73641,TPopulation1July (thousands) multiplied by 1000 and rounded to nearest person,DERIVED
73642,JAM,Jamaica,JAM,Jamaica,2022,2839144,2839.144,Medium,UN_WPP_2024,UN_WPP_2024_MEDIUM_DEMOGRAPHIC_INDICATORS,row:73642,TPopulation1July (thousands) multiplied by 1000 and rounded to nearest person,DERIVED
73643,JAM,Jamaica,JAM,Jamaica,2023,2839786,2839.786,Medium,UN_WPP_2024,UN_WPP_2024_MEDIUM_DEMOGRAPHIC_INDICATORS,row:73643,TPopulation1July (thousands) multiplied by 1000 and rounded to nearest person,DERIVED
73644,JAM,Jamaica,JAM,Jamaica,2024,2839175,2839.175,Medium,UN_WPP_2024,UN_WPP_2024_MEDIUM_DEMOGRAPHIC_INDICATORS,row:73644,TPopulation1July (thousands) multiplied by 1000 and rounded to nearest person,DERIVED
73645,JAM,Jamaica,JAM,Jamaica,2025,2837077,2837.077,Medium,UN_WPP_2024,UN_WPP_2024_MEDIUM_DEMOGRAPHIC_INDICATORS,row:73645,TPopulation1July (thousands) multiplied by 1000 and rounded to nearest person,DERIVED
73942,MST,Montserrat,MSR,Montserrat,2018,4569,4.569,Medium,UN_WPP_2024,UN_WPP_2024_MEDIUM_DEMOGRAPHIC_INDICATORS,row:73942,TPopulation1July (thousands) multiplied by 1000 and rounded to nearest person,DERIVED
73943,MST,Montserrat,MSR,Montserrat,2019,4540,4.54,Medium,UN_WPP_2024,UN_WPP_2024_MEDIUM_DEMOGRAPHIC_INDICATORS,row:73943,TPopulation1July (thousands) multiplied by 1000 and rounded to nearest person,DERIVED
73944,MST,Montserrat,MSR,Montserrat,2020,4508,4.508,Medium,UN_WPP_2024,UN_WPP_2024_MEDIUM_DEMOGRAPHIC_INDICATORS,row:73944,TPopulation1July (thousands) multiplied by 1000 and rounded to nearest person,DERIVED
73945,MST,Montserrat,MSR,Montserrat,2021,4479,4.479,Medium,UN_WPP_2024,UN_WPP_2024_MEDIUM_DEMOGRAPHIC_INDICATORS,row:73945,TPopulation1July (thousands) multiplied by 1000 and rounded to nearest person,DERIVED
73946,MST,Montserrat,MSR,Montserrat,2022,4453,4.453,Medium,UN_WPP_2024,UN_WPP_2024_MEDIUM_DEMOGRAPHIC_INDICATORS,row:73946,TPopulation1July (thousands) multiplied by 1000 and rounded to nearest person,DERIVED
73947,MST,Montserrat,MSR,Montserrat,2023,4420,4.42,Medium,UN_WPP_2024,UN_WPP_2024_MEDIUM_DEMOGRAPHIC_INDICATORS,row:73947,TPopulation1July (thousands) multiplied by 1000 and rounded to nearest person,DERIVED
73948,MST,Montserrat,MSR,Montserrat,2024,4389,4.389,Medium,UN_WPP_2024,UN_WPP_2024_MEDIUM_DEMOGRAPHIC_INDICATORS,row:73948,TPopulation1July (thousands) multiplied by 1000 and rounded to nearest person,DERIVED
73949,MST,Montserrat,MSR,Montserrat,2025,4359,4.359,Medium,UN_WPP_2024,UN_WPP_2024_MEDIUM_DEMOGRAPHIC_INDICATORS,row:73949,TPopulation1July (thousands) multiplied by 1000 and rounded to nearest person,DERIVED
74398,KNA,Saint Kitts and Nevis,KNA,Saint Kitts and Nevis,2018,47008,47.008,Medium,UN_WPP_2024,UN_WPP_2024_MEDIUM_DEMOGRAPHIC_INDICATORS,row:74398,TPopulation1July (thousands) multiplied by 1000 and rounded to nearest person,DERIVED
74399,KNA,Saint Kitts and Nevis,KNA,Saint Kitts and Nevis,2019,46952,46.952,Medium,UN_WPP_2024,UN_WPP_2024_MEDIUM_DEMOGRAPHIC_INDICATORS,row:74399,TPopulation1July (thousands) multiplied by 1000 and rounded to nearest person,DERIVED
74400,KNA,Saint Kitts and Nevis,KNA,Saint Kitts and Nevis,2020,46870,46.87,Medium,UN_WPP_2024,UN_WPP_2024_MEDIUM_DEMOGRAPHIC_INDICATORS,row:74400,TPopulation1July (thousands) multiplied by 1000 and rounded to nearest person,DERIVED
74401,KNA,Saint Kitts and Nevis,KNA,Saint Kitts and Nevis,2021,46763,46.763,Medium,UN_WPP_2024,UN_WPP_2024_MEDIUM_DEMOGRAPHIC_INDICATORS,row:74401,TPopulation1July (thousands) multiplied by 1000 and rounded to nearest person,DERIVED
74402,KNA,Saint Kitts and Nevis,KNA,Saint Kitts and Nevis,2022,46709,46.709,Medium,UN_WPP_2024,UN_WPP_2024_MEDIUM_DEMOGRAPHIC_INDICATORS,row:74402,TPopulation1July (thousands) multiplied by 1000 and rounded to nearest person,DERIVED
74403,KNA,Saint Kitts and Nevis,KNA,Saint Kitts and Nevis,2023,46758,46.758,Medium,UN_WPP_2024,UN_WPP_2024_MEDIUM_DEMOGRAPHIC_INDICATORS,row:74403,TPopulation1July (thousands) multiplied by 1000 and rounded to nearest person,DERIVED
74404,KNA,Saint Kitts and Nevis,KNA,Saint Kitts and Nevis,2024,46843,46.843,Medium,UN_WPP_2024,UN_WPP_2024_MEDIUM_DEMOGRAPHIC_INDICATORS,row:74404,TPopulation1July (thousands) multiplied by 1000 and rounded to nearest person,DERIVED
74405,KNA,Saint Kitts and Nevis,KNA,Saint Kitts and Nevis,2025,46922,46.922,Medium,UN_WPP_2024,UN_WPP_2024_MEDIUM_DEMOGRAPHIC_INDICATORS,row:74405,TPopulation1July (thousands) multiplied by 1000 and rounded to nearest person,DERIVED
74550,LCA,Saint Lucia,LCA,Saint Lucia,2018,177017,177.017,Medium,UN_WPP_2024,UN_WPP_2024_MEDIUM_DEMOGRAPHIC_INDICATORS,row:74550,TPopulation1July (thousands) multiplied by 1000 and rounded to nearest person,DERIVED
74551,LCA,Saint Lucia,LCA,Saint Lucia,2019,177661,177.661,Medium,UN_WPP_2024,UN_WPP_2024_MEDIUM_DEMOGRAPHIC_INDICATORS,row:74551,TPopulation1July (thousands) multiplied by 1000 and rounded to nearest person,DERIVED
74552,LCA,Saint Lucia,LCA,Saint Lucia,2020,178250,178.25,Medium,UN_WPP_2024,UN_WPP_2024_MEDIUM_DEMOGRAPHIC_INDICATORS,row:74552,TPopulation1July (thousands) multiplied by 1000 and rounded to nearest person,DERIVED
74553,LCA,Saint Lucia,LCA,Saint Lucia,2021,178522,178.522,Medium,UN_WPP_2024,UN_WPP_2024_MEDIUM_DEMOGRAPHIC_INDICATORS,row:74553,TPopulation1July (thousands) multiplied by 1000 and rounded to nearest person,DERIVED
74554,LCA,Saint Lucia,LCA,Saint Lucia,2022,178781,178.781,Medium,UN_WPP_2024,UN_WPP_2024_MEDIUM_DEMOGRAPHIC_INDICATORS,row:74554,TPopulation1July (thousands) multiplied by 1000 and rounded to nearest person,DERIVED
74555,LCA,Saint Lucia,LCA,Saint Lucia,2023,179285,179.285,Medium,UN_WPP_2024,UN_WPP_2024_MEDIUM_DEMOGRAPHIC_INDICATORS,row:74555,TPopulation1July (thousands) multiplied by 1000 and rounded to nearest person,DERIVED
74556,LCA,Saint Lucia,LCA,Saint Lucia,2024,179744,179.744,Medium,UN_WPP_2024,UN_WPP_2024_MEDIUM_DEMOGRAPHIC_INDICATORS,row:74556,TPopulation1July (thousands) multiplied by 1000 and rounded to nearest person,DERIVED
74557,LCA,Saint Lucia,LCA,Saint Lucia,2025,180149,180.149,Medium,UN_WPP_2024,UN_WPP_2024_MEDIUM_DEMOGRAPHIC_INDICATORS,row:74557,TPopulation1July (thousands) multiplied by 1000 and rounded to nearest person,DERIVED
74854,VCT,Saint Vincent and the Grenadines,VCT,Saint Vincent and the Grenadines,2018,104926,104.926,Medium,UN_WPP_2024,UN_WPP_2024_MEDIUM_DEMOGRAPHIC_INDICATORS,row:74854,TPopulation1July (thousands) multiplied by 1000 and rounded to nearest person,DERIVED
74855,VCT,Saint Vincent and the Grenadines,VCT,Saint Vincent and the Grenadines,2019,104167,104.167,Medium,UN_WPP_2024,UN_WPP_2024_MEDIUM_DEMOGRAPHIC_INDICATORS,row:74855,TPopulation1July (thousands) multiplied by 1000 and rounded to nearest person,DERIVED
74856,VCT,Saint Vincent and the Grenadines,VCT,Saint Vincent and the Grenadines,2020,103526,103.526,Medium,UN_WPP_2024,UN_WPP_2024_MEDIUM_DEMOGRAPHIC_INDICATORS,row:74856,TPopulation1July (thousands) multiplied by 1000 and rounded to nearest person,DERIVED
74857,VCT,Saint Vincent and the Grenadines,VCT,Saint Vincent and the Grenadines,2021,102841,102.841,Medium,UN_WPP_2024,UN_WPP_2024_MEDIUM_DEMOGRAPHIC_INDICATORS,row:74857,TPopulation1July (thousands) multiplied by 1000 and rounded to nearest person,DERIVED
74858,VCT,Saint Vincent and the Grenadines,VCT,Saint Vincent and the Grenadines,2022,102046,102.046,Medium,UN_WPP_2024,UN_WPP_2024_MEDIUM_DEMOGRAPHIC_INDICATORS,row:74858,TPopulation1July (thousands) multiplied by 1000 and rounded to nearest person,DERIVED
74859,VCT,Saint Vincent and the Grenadines,VCT,Saint Vincent and the Grenadines,2023,101323,101.323,Medium,UN_WPP_2024,UN_WPP_2024_MEDIUM_DEMOGRAPHIC_INDICATORS,row:74859,TPopulation1July (thousands) multiplied by 1000 and rounded to nearest person,DERIVED
74860,VCT,Saint Vincent and the Grenadines,VCT,Saint Vincent and the Grenadines,2024,100616,100.616,Medium,UN_WPP_2024,UN_WPP_2024_MEDIUM_DEMOGRAPHIC_INDICATORS,row:74860,TPopulation1July (thousands) multiplied by 1000 and rounded to nearest person,DERIVED
74861,VCT,Saint Vincent and the Grenadines,VCT,Saint Vincent and the Grenadines,2025,99924,99.924,Medium,UN_WPP_2024,UN_WPP_2024_MEDIUM_DEMOGRAPHIC_INDICATORS,row:74861,TPopulation1July (thousands) multiplied by 1000 and rounded to nearest person,DERIVED
75158,TTO,Trinidad and Tobago,TTO,Trinidad and Tobago,2018,1470518,1470.518,Medium,UN_WPP_2024,UN_WPP_2024_MEDIUM_DEMOGRAPHIC_INDICATORS,row:75158,TPopulation1July (thousands) multiplied by 1000 and rounded to nearest person,DERIVED
75159,TTO,Trinidad and Tobago,TTO,Trinidad and Tobago,2019,1484894,1484.894,Medium,UN_WPP_2024,UN_WPP_2024_MEDIUM_DEMOGRAPHIC_INDICATORS,row:75159,TPopulation1July (thousands) multiplied by 1000 and rounded to nearest person,DERIVED
75160,TTO,Trinidad and Tobago,TTO,Trinidad and Tobago,2020,1481024,1481.024,Medium,UN_WPP_2024,UN_WPP_2024_MEDIUM_DEMOGRAPHIC_INDICATORS,row:75160,TPopulation1July (thousands) multiplied by 1000 and rounded to nearest person,DERIVED
75161,TTO,Trinidad and Tobago,TTO,Trinidad and Tobago,2021,1487717,1487.717,Medium,UN_WPP_2024,UN_WPP_2024_MEDIUM_DEMOGRAPHIC_INDICATORS,row:75161,TPopulation1July (thousands) multiplied by 1000 and rounded to nearest person,DERIVED
75162,TTO,Trinidad and Tobago,TTO,Trinidad and Tobago,2022,1495921,1495.921,Medium,UN_WPP_2024,UN_WPP_2024_MEDIUM_DEMOGRAPHIC_INDICATORS,row:75162,TPopulation1July (thousands) multiplied by 1000 and rounded to nearest person,DERIVED
75163,TTO,Trinidad and Tobago,TTO,Trinidad and Tobago,2023,1502932,1502.932,Medium,UN_WPP_2024,UN_WPP_2024_MEDIUM_DEMOGRAPHIC_INDICATORS,row:75163,TPopulation1July (thousands) multiplied by 1000 and rounded to nearest person,DERIVED
75164,TTO,Trinidad and Tobago,TTO,Trinidad and Tobago,2024,1507782,1507.782,Medium,UN_WPP_2024,UN_WPP_2024_MEDIUM_DEMOGRAPHIC_INDICATORS,row:75164,TPopulation1July (thousands) multiplied by 1000 and rounded to nearest person,DERIVED
75165,TTO,Trinidad and Tobago,TTO,Trinidad and Tobago,2025,1511155,1511.155,Medium,UN_WPP_2024,UN_WPP_2024_MEDIUM_DEMOGRAPHIC_INDICATORS,row:75165,TPopulation1July (thousands) multiplied by 1000 and rounded to nearest person,DERIVED
75310,TCA,Turks and Caicos Islands,TCA,Turks and Caicos Islands,2018,41559,41.559,Medium,UN_WPP_2024,UN_WPP_2024_MEDIUM_DEMOGRAPHIC_INDICATORS,row:75310,TPopulation1July (thousands) multiplied by 1000 and rounded to nearest person,DERIVED
75311,TCA,Turks and Caicos Islands,TCA,Turks and Caicos Islands,2019,43166,43.166,Medium,UN_WPP_2024,UN_WPP_2024_MEDIUM_DEMOGRAPHIC_INDICATORS,row:75311,TPopulation1July (thousands) multiplied by 1000 and rounded to nearest person,DERIVED
75312,TCA,Turks and Caicos Islands,TCA,Turks and Caicos Islands,2020,44386,44.386,Medium,UN_WPP_2024,UN_WPP_2024_MEDIUM_DEMOGRAPHIC_INDICATORS,row:75312,TPopulation1July (thousands) multiplied by 1000 and rounded to nearest person,DERIVED
75313,TCA,Turks and Caicos Islands,TCA,Turks and Caicos Islands,2021,45243,45.243,Medium,UN_WPP_2024,UN_WPP_2024_MEDIUM_DEMOGRAPHIC_INDICATORS,row:75313,TPopulation1July (thousands) multiplied by 1000 and rounded to nearest person,DERIVED
75314,TCA,Turks and Caicos Islands,TCA,Turks and Caicos Islands,2022,45847,45.847,Medium,UN_WPP_2024,UN_WPP_2024_MEDIUM_DEMOGRAPHIC_INDICATORS,row:75314,TPopulation1July (thousands) multiplied by 1000 and rounded to nearest person,DERIVED
75315,TCA,Turks and Caicos Islands,TCA,Turks and Caicos Islands,2023,46198,46.198,Medium,UN_WPP_2024,UN_WPP_2024_MEDIUM_DEMOGRAPHIC_INDICATORS,row:75315,TPopulation1July (thousands) multiplied by 1000 and rounded to nearest person,DERIVED
75316,TCA,Turks and Caicos Islands,TCA,Turks and Caicos Islands,2024,46535,46.535,Medium,UN_WPP_2024,UN_WPP_2024_MEDIUM_DEMOGRAPHIC_INDICATORS,row:75316,TPopulation1July (thousands) multiplied by 1000 and rounded to nearest person,DERIVED
75317,TCA,Turks and Caicos Islands,TCA,Turks and Caicos Islands,2025,46855,46.855,Medium,UN_WPP_2024,UN_WPP_2024_MEDIUM_DEMOGRAPHIC_INDICATORS,row:75317,TPopulation1July (thousands) multiplied by 1000 and rounded to nearest person,DERIVED
75766,BLZ,Belize,BLZ,Belize,2018,380226,380.226,Medium,UN_WPP_2024,UN_WPP_2024_MEDIUM_DEMOGRAPHIC_INDICATORS,row:75766,TPopulation1July (thousands) multiplied by 1000 and rounded to nearest person,DERIVED
75767,BLZ,Belize,BLZ,Belize,2019,385829,385.829,Medium,UN_WPP_2024,UN_WPP_2024_MEDIUM_DEMOGRAPHIC_INDICATORS,row:75767,TPopulation1July (thousands) multiplied by 1000 and rounded to nearest person,DERIVED
75768,BLZ,Belize,BLZ,Belize,2020,390812,390.812,Medium,UN_WPP_2024,UN_WPP_2024_MEDIUM_DEMOGRAPHIC_INDICATORS,row:75768,TPopulation1July (thousands) multiplied by 1000 and rounded to nearest person,DERIVED
75769,BLZ,Belize,BLZ,Belize,2021,395346,395.346,Medium,UN_WPP_2024,UN_WPP_2024_MEDIUM_DEMOGRAPHIC_INDICATORS,row:75769,TPopulation1July (thousands) multiplied by 1000 and rounded to nearest person,DERIVED
75770,BLZ,Belize,BLZ,Belize,2022,402733,402.733,Medium,UN_WPP_2024,UN_WPP_2024_MEDIUM_DEMOGRAPHIC_INDICATORS,row:75770,TPopulation1July (thousands) multiplied by 1000 and rounded to nearest person,DERIVED
75771,BLZ,Belize,BLZ,Belize,2023,411106,411.106,Medium,UN_WPP_2024,UN_WPP_2024_MEDIUM_DEMOGRAPHIC_INDICATORS,row:75771,TPopulation1July (thousands) multiplied by 1000 and rounded to nearest person,DERIVED
75772,BLZ,Belize,BLZ,Belize,2024,417072,417.072,Medium,UN_WPP_2024,UN_WPP_2024_MEDIUM_DEMOGRAPHIC_INDICATORS,row:75772,TPopulation1July (thousands) multiplied by 1000 and rounded to nearest person,DERIVED
75773,BLZ,Belize,BLZ,Belize,2025,422924,422.924,Medium,UN_WPP_2024,UN_WPP_2024_MEDIUM_DEMOGRAPHIC_INDICATORS,row:75773,TPopulation1July (thousands) multiplied by 1000 and rounded to nearest person,DERIVED
78350,GUY,Guyana,GUY,Guyana,2018,791556,791.556,Medium,UN_WPP_2024,UN_WPP_2024_MEDIUM_DEMOGRAPHIC_INDICATORS,row:78350,TPopulation1July (thousands) multiplied by 1000 and rounded to nearest person,DERIVED
78351,GUY,Guyana,GUY,Guyana,2019,807665,807.665,Medium,UN_WPP_2024,UN_WPP_2024_MEDIUM_DEMOGRAPHIC_INDICATORS,row:78351,TPopulation1July (thousands) multiplied by 1000 and rounded to nearest person,DERIVED
78352,GUY,Guyana,GUY,Guyana,2020,807482,807.482,Medium,UN_WPP_2024,UN_WPP_2024_MEDIUM_DEMOGRAPHIC_INDICATORS,row:78352,TPopulation1July (thousands) multiplied by 1000 and rounded to nearest person,DERIVED
78353,GUY,Guyana,GUY,Guyana,2021,815482,815.482,Medium,UN_WPP_2024,UN_WPP_2024_MEDIUM_DEMOGRAPHIC_INDICATORS,row:78353,TPopulation1July (thousands) multiplied by 1000 and rounded to nearest person,DERIVED
78354,GUY,Guyana,GUY,Guyana,2022,821637,821.637,Medium,UN_WPP_2024,UN_WPP_2024_MEDIUM_DEMOGRAPHIC_INDICATORS,row:78354,TPopulation1July (thousands) multiplied by 1000 and rounded to nearest person,DERIVED
78355,GUY,Guyana,GUY,Guyana,2023,826353,826.353,Medium,UN_WPP_2024,UN_WPP_2024_MEDIUM_DEMOGRAPHIC_INDICATORS,row:78355,TPopulation1July (thousands) multiplied by 1000 and rounded to nearest person,DERIVED
78356,GUY,Guyana,GUY,Guyana,2024,831086,831.086,Medium,UN_WPP_2024,UN_WPP_2024_MEDIUM_DEMOGRAPHIC_INDICATORS,row:78356,TPopulation1July (thousands) multiplied by 1000 and rounded to nearest person,DERIVED
78357,GUY,Guyana,GUY,Guyana,2025,835986,835.986,Medium,UN_WPP_2024,UN_WPP_2024_MEDIUM_DEMOGRAPHIC_INDICATORS,row:78357,TPopulation1July (thousands) multiplied by 1000 and rounded to nearest person,DERIVED
78806,SUR,Suriname,SUR,Suriname,2018,599513,599.513,Medium,UN_WPP_2024,UN_WPP_2024_MEDIUM_DEMOGRAPHIC_INDICATORS,row:78806,TPopulation1July (thousands) multiplied by 1000 and rounded to nearest person,DERIVED
78807,SUR,Suriname,SUR,Suriname,2019,605768,605.768,Medium,UN_WPP_2024,UN_WPP_2024_MEDIUM_DEMOGRAPHIC_INDICATORS,row:78807,TPopulation1July (thousands) multiplied by 1000 and rounded to nearest person,DERIVED
78808,SUR,Suriname,SUR,Suriname,2020,612316,612.316,Medium,UN_WPP_2024,UN_WPP_2024_MEDIUM_DEMOGRAPHIC_INDICATORS,row:78808,TPopulation1July (thousands) multiplied by 1000 and rounded to nearest person,DERIVED
78809,SUR,Suriname,SUR,Suriname,2021,617896,617.896,Medium,UN_WPP_2024,UN_WPP_2024_MEDIUM_DEMOGRAPHIC_INDICATORS,row:78809,TPopulation1July (thousands) multiplied by 1000 and rounded to nearest person,DERIVED
78810,SUR,Suriname,SUR,Suriname,2022,623164,623.164,Medium,UN_WPP_2024,UN_WPP_2024_MEDIUM_DEMOGRAPHIC_INDICATORS,row:78810,TPopulation1July (thousands) multiplied by 1000 and rounded to nearest person,DERIVED
78811,SUR,Suriname,SUR,Suriname,2023,628886,628.886,Medium,UN_WPP_2024,UN_WPP_2024_MEDIUM_DEMOGRAPHIC_INDICATORS,row:78811,TPopulation1July (thousands) multiplied by 1000 and rounded to nearest person,DERIVED
78812,SUR,Suriname,SUR,Suriname,2024,634431,634.431,Medium,UN_WPP_2024,UN_WPP_2024_MEDIUM_DEMOGRAPHIC_INDICATORS,row:78812,TPopulation1July (thousands) multiplied by 1000 and rounded to nearest person,DERIVED
78813,SUR,Suriname,SUR,Suriname,2025,639850,639.85,Medium,UN_WPP_2024,UN_WPP_2024_MEDIUM_DEMOGRAPHIC_INDICATORS,row:78813,TPopulation1July (thousands) multiplied by 1000 and rounded to nearest person,DERIVED
79414,BMU,Bermuda,BMU,Bermuda,2018,63831,63.831,Medium,UN_WPP_2024,UN_WPP_2024_MEDIUM_DEMOGRAPHIC_INDICATORS,row:79414,TPopulation1July (thousands) multiplied by 1000 and rounded to nearest person,DERIVED
79415,BMU,Bermuda,BMU,Bermuda,2019,64107,64.107,Medium,UN_WPP_2024,UN_WPP_2024_MEDIUM_DEMOGRAPHIC_INDICATORS,row:79415,TPopulation1July (thousands) multiplied by 1000 and rounded to nearest person,DERIVED
79416,BMU,Bermuda,BMU,Bermuda,2020,64382,64.382,Medium,UN_WPP_2024,UN_WPP_2024_MEDIUM_DEMOGRAPHIC_INDICATORS,row:79416,TPopulation1July (thousands) multiplied by 1000 and rounded to nearest person,DERIVED
79417,BMU,Bermuda,BMU,Bermuda,2021,64648,64.648,Medium,UN_WPP_2024,UN_WPP_2024_MEDIUM_DEMOGRAPHIC_INDICATORS,row:79417,TPopulation1July (thousands) multiplied by 1000 and rounded to nearest person,DERIVED
79418,BMU,Bermuda,BMU,Bermuda,2022,64749,64.749,Medium,UN_WPP_2024,UN_WPP_2024_MEDIUM_DEMOGRAPHIC_INDICATORS,row:79418,TPopulation1July (thousands) multiplied by 1000 and rounded to nearest person,DERIVED
79419,BMU,Bermuda,BMU,Bermuda,2023,64698,64.698,Medium,UN_WPP_2024,UN_WPP_2024_MEDIUM_DEMOGRAPHIC_INDICATORS,row:79419,TPopulation1July (thousands) multiplied by 1000 and rounded to nearest person,DERIVED
79420,BMU,Bermuda,BMU,Bermuda,2024,64636,64.636,Medium,UN_WPP_2024,UN_WPP_2024_MEDIUM_DEMOGRAPHIC_INDICATORS,row:79420,TPopulation1July (thousands) multiplied by 1000 and rounded to nearest person,DERIVED
79421,BMU,Bermuda,BMU,Bermuda,2025,64554,64.554,Medium,UN_WPP_2024,UN_WPP_2024_MEDIUM_DEMOGRAPHIC_INDICATORS,row:79421,TPopulation1July (thousands) multiplied by 1000 and rounded to nearest person,DERIVED
