event_id,source_storm_id,storm_name,season_year,event_date,event_end_date,two_week_period,historical_category,severity_class,max_wind,max_wind_unit,source_dataset,source_reference,source_locator,provenance_class,reconstruction_status,transformation_rule,notes
AL011957,AL011957,UNNAMED,1957,1957-06-08,1957-06-15,,H1,Mild,65,knots,NOAA_NHC_HURDAT2,NHC_HURDAT2_ATLANTIC_1851_2025_2026_02_27,header_line:25547,RECONSTRUCTED,SOURCE_SUPPORTED_COUNTRY_EVIDENCE,unique HURDAT storm retained when at least one canonical source-supported event-country row exists,Source-based reconstruction; not exact recovery of the unpublished Balcik event table. Two-week period unresolved and out of R6-I historical source-layer scope.
AL011961,AL011961,ANNA,1961,1961-07-17,1961-07-25,,H2,Mild,90,knots,NOAA_NHC_HURDAT2,NHC_HURDAT2_ATLANTIC_1851_2025_2026_02_27,header_line:26814,RECONSTRUCTED,SOURCE_SUPPORTED_COUNTRY_EVIDENCE,unique HURDAT storm retained when at least one canonical source-supported event-country row exists,Source-based reconstruction; not exact recovery of the unpublished Balcik event table. Two-week period unresolved and out of R6-I historical source-layer scope.
AL011963,AL011963,ARLENE,1963,1963-07-31,1963-08-14,,H3,Strong,100,knots,NOAA_NHC_HURDAT2,NHC_HURDAT2_ATLANTIC_1851_2025_2026_02_27,header_line:27532,RECONSTRUCTED,SOURCE_SUPPORTED_COUNTRY_EVIDENCE,unique HURDAT storm retained when at least one canonical source-supported event-country row exists,Source-based reconstruction; not exact recovery of the unpublished Balcik event table. Two-week period unresolved and out of R6-I historical source-layer scope.
AL011970,AL011970,ALMA,1970,1970-05-17,1970-05-27,,H1,Mild,65,knots,NOAA_NHC_HURDAT2,NHC_HURDAT2_ATLANTIC_1851_2025_2026_02_27,header_line:30939,RECONSTRUCTED,SOURCE_SUPPORTED_COUNTRY_EVIDENCE,unique HURDAT storm retained when at least one canonical source-supported event-country row exists,Source-based reconstruction; not exact recovery of the unpublished Balcik event table. Two-week period unresolved and out of R6-I historical source-layer scope.
AL012008,AL012008,ARTHUR,2008,2008-05-31,2008-06-02,,TS_OR_LOWER,Mild,40,knots,NOAA_NHC_HURDAT2,NHC_HURDAT2_ATLANTIC_1851_2025_2026_02_27,header_line:47732,RECONSTRUCTED,SOURCE_SUPPORTED_COUNTRY_EVIDENCE,unique HURDAT storm retained when at least one canonical source-supported event-country row exists,Source-based reconstruction; not exact recovery of the unpublished Balcik event table. Two-week period unresolved and out of R6-I historical source-layer scope.
AL012010,AL012010,ALEX,2010,2010-06-24,2010-07-02,,H2,Mild,95,knots,NOAA_NHC_HURDAT2,NHC_HURDAT2_ATLANTIC_1851_2025_2026_02_27,header_line:48581,RECONSTRUCTED,SOURCE_SUPPORTED_COUNTRY_EVIDENCE,unique HURDAT storm retained when at least one canonical source-supported event-country row exists,Source-based reconstruction; not exact recovery of the unpublished Balcik event table. Two-week period unresolved and out of R6-I historical source-layer scope.
AL021950,AL021950,BAKER,1950,1950-08-18,1950-09-01,,H2,Mild,90,knots,NOAA_NHC_HURDAT2,NHC_HURDAT2_ATLANTIC_1851_2025_2026_02_27,header_line:22736,RECONSTRUCTED,SOURCE_SUPPORTED_COUNTRY_EVIDENCE,unique HURDAT storm retained when at least one canonical source-supported event-country row exists,Source-based reconstruction; not exact recovery of the unpublished Balcik event table. Two-week period unresolved and out of R6-I historical source-layer scope.
AL021951,AL021951,ABLE,1951,1951-05-16,1951-05-24,,H1,Mild,80,knots,NOAA_NHC_HURDAT2,NHC_HURDAT2_ATLANTIC_1851_2025_2026_02_27,header_line:23282,RECONSTRUCTED,SOURCE_SUPPORTED_COUNTRY_EVIDENCE,unique HURDAT storm retained when at least one canonical source-supported event-country row exists,Source-based reconstruction; not exact recovery of the unpublished Balcik event table. Two-week period unresolved and out of R6-I historical source-layer scope.
AL021955,AL021955,CONNIE,1955,1955-08-03,1955-08-15,,H4,Very Strong,120,knots,NOAA_NHC_HURDAT2,NHC_HURDAT2_ATLANTIC_1851_2025_2026_02_27,header_line:24806,RECONSTRUCTED,SOURCE_SUPPORTED_COUNTRY_EVIDENCE,unique HURDAT storm retained when at least one canonical source-supported event-country row exists,Source-based reconstruction; not exact recovery of the unpublished Balcik event table. Two-week period unresolved and out of R6-I historical source-layer scope.
AL021960,AL021960,ABBY,1960,1960-07-09,1960-07-17,,H1,Mild,70,knots,NOAA_NHC_HURDAT2,NHC_HURDAT2_ATLANTIC_1851_2025_2026_02_27,header_line:26570,RECONSTRUCTED,SOURCE_SUPPORTED_COUNTRY_EVIDENCE,unique HURDAT storm retained when at least one canonical source-supported event-country row exists,Source-based reconstruction; not exact recovery of the unpublished Balcik event table. Two-week period unresolved and out of R6-I historical source-layer scope.
AL021987,AL021987,ARLENE,1987,1987-08-08,1987-08-28,,H1,Mild,65,knots,NOAA_NHC_HURDAT2,NHC_HURDAT2_ATLANTIC_1851_2025_2026_02_27,header_line:37963,RECONSTRUCTED,SOURCE_SUPPORTED_COUNTRY_EVIDENCE,unique HURDAT storm retained when at least one canonical source-supported event-country row exists,Source-based reconstruction; not exact recovery of the unpublished Balcik event table. Two-week period unresolved and out of R6-I historical source-layer scope.
AL021990,AL021990,ARTHUR,1990,1990-07-22,1990-07-27,,TS_OR_LOWER,Mild,60,knots,NOAA_NHC_HURDAT2,NHC_HURDAT2_ATLANTIC_1851_2025_2026_02_27,header_line:39206,RECONSTRUCTED,SOURCE_SUPPORTED_COUNTRY_EVIDENCE,unique HURDAT storm retained when at least one canonical source-supported event-country row exists,Source-based reconstruction; not exact recovery of the unpublished Balcik event table. Two-week period unresolved and out of R6-I historical source-layer scope.
AL021996,AL021996,BERTHA,1996,1996-07-05,1996-07-17,,H3,Strong,100,knots,NOAA_NHC_HURDAT2,NHC_HURDAT2_ATLANTIC_1851_2025_2026_02_27,header_line:41540,RECONSTRUCTED,SOURCE_SUPPORTED_COUNTRY_EVIDENCE,unique HURDAT storm retained when at least one canonical source-supported event-country row exists,Source-based reconstruction; not exact recovery of the unpublished Balcik event table. Two-week period unresolved and out of R6-I historical source-layer scope.
AL021998,AL021998,BONNIE,1998,1998-08-19,1998-08-31,,H3,Strong,100,knots,NOAA_NHC_HURDAT2,NHC_HURDAT2_ATLANTIC_1851_2025_2026_02_27,header_line:42316,RECONSTRUCTED,SOURCE_SUPPORTED_COUNTRY_EVIDENCE,unique HURDAT storm retained when at least one canonical source-supported event-country row exists,Source-based reconstruction; not exact recovery of the unpublished Balcik event table. Two-week period unresolved and out of R6-I historical source-layer scope.
AL022008,AL022008,BERTHA,2008,2008-07-03,2008-07-21,,H3,Strong,110,knots,NOAA_NHC_HURDAT2,NHC_HURDAT2_ATLANTIC_1851_2025_2026_02_27,header_line:47743,RECONSTRUCTED,SOURCE_SUPPORTED_COUNTRY_EVIDENCE,unique HURDAT storm retained when at least one canonical source-supported event-country row exists,Source-based reconstruction; not exact recovery of the unpublished Balcik event table. Two-week period unresolved and out of R6-I historical source-layer scope.
AL022011,AL022011,BRET,2011,2011-07-16,2011-07-23,,TS_OR_LOWER,Mild,60,knots,NOAA_NHC_HURDAT2,NHC_HURDAT2_ATLANTIC_1851_2025_2026_02_27,header_line:49279,RECONSTRUCTED,SOURCE_SUPPORTED_COUNTRY_EVIDENCE,unique HURDAT storm retained when at least one canonical source-supported event-country row exists,Source-based reconstruction; not exact recovery of the unpublished Balcik event table. Two-week period unresolved and out of R6-I historical source-layer scope.
AL022017,AL022017,BRET,2017,2017-06-18,2017-06-20,,TS_OR_LOWER,Mild,45,knots,NOAA_NHC_HURDAT2,NHC_HURDAT2_ATLANTIC_1851_2025_2026_02_27,header_line:52166,RECONSTRUCTED,SOURCE_SUPPORTED_COUNTRY_EVIDENCE,unique HURDAT storm retained when at least one canonical source-supported event-country row exists,Source-based reconstruction; not exact recovery of the unpublished Balcik event table. Two-week period unresolved and out of R6-I historical source-layer scope.
AL031956,AL031956,BETSY,1956,1956-08-09,1956-08-21,,H3,Strong,105,knots,NOAA_NHC_HURDAT2,NHC_HURDAT2_ATLANTIC_1851_2025_2026_02_27,header_line:25287,RECONSTRUCTED,SOURCE_SUPPORTED_COUNTRY_EVIDENCE,unique HURDAT storm retained when at least one canonical source-supported event-country row exists,Source-based reconstruction; not exact recovery of the unpublished Balcik event table. Two-week period unresolved and out of R6-I historical source-layer scope.
AL031963,AL031963,UNNAMED,1963,1963-09-09,1963-09-14,,H1,Mild,70,knots,NOAA_NHC_HURDAT2,NHC_HURDAT2_ATLANTIC_1851_2025_2026_02_27,header_line:27669,RECONSTRUCTED,SOURCE_SUPPORTED_COUNTRY_EVIDENCE,unique HURDAT storm retained when at least one canonical source-supported event-country row exists,Source-based reconstruction; not exact recovery of the unpublished Balcik event table. Two-week period unresolved and out of R6-I historical source-layer scope.
AL031965,AL031965,BETSY,1965,1965-08-27,1965-09-13,,H4,Very Strong,120,knots,NOAA_NHC_HURDAT2,NHC_HURDAT2_ATLANTIC_1851_2025_2026_02_27,header_line:28514,RECONSTRUCTED,SOURCE_SUPPORTED_COUNTRY_EVIDENCE,unique HURDAT storm retained when at least one canonical source-supported event-country row exists,Source-based reconstruction; not exact recovery of the unpublished Balcik event table. Two-week period unresolved and out of R6-I historical source-layer scope.
AL031981,AL031981,ARLENE,1981,1981-05-06,1981-05-09,,TS_OR_LOWER,Mild,50,knots,NOAA_NHC_HURDAT2,NHC_HURDAT2_ATLANTIC_1851_2025_2026_02_27,header_line:36031,RECONSTRUCTED,SOURCE_SUPPORTED_COUNTRY_EVIDENCE,unique HURDAT storm retained when at least one canonical source-supported event-country row exists,Source-based reconstruction; not exact recovery of the unpublished Balcik event table. Two-week period unresolved and out of R6-I historical source-layer scope.
AL031993,AL031993,BRET,1993,1993-08-04,1993-08-11,,TS_OR_LOWER,Mild,50,knots,NOAA_NHC_HURDAT2,NHC_HURDAT2_ATLANTIC_1851_2025_2026_02_27,header_line:40282,RECONSTRUCTED,SOURCE_SUPPORTED_COUNTRY_EVIDENCE,unique HURDAT storm retained when at least one canonical source-supported event-country row exists,Source-based reconstruction; not exact recovery of the unpublished Balcik event table. Two-week period unresolved and out of R6-I historical source-layer scope.
AL032004,AL032004,CHARLEY,2004,2004-08-09,2004-08-15,,H4,Very Strong,130,knots,NOAA_NHC_HURDAT2,NHC_HURDAT2_ATLANTIC_1851_2025_2026_02_27,header_line:45408,RECONSTRUCTED,SOURCE_SUPPORTED_COUNTRY_EVIDENCE,unique HURDAT storm retained when at least one canonical source-supported event-country row exists,Source-based reconstruction; not exact recovery of the unpublished Balcik event table. Two-week period unresolved and out of R6-I historical source-layer scope.
AL032010,AL032010,BONNIE,2010,2010-07-22,2010-07-25,,TS_OR_LOWER,Mild,40,knots,NOAA_NHC_HURDAT2,NHC_HURDAT2_ATLANTIC_1851_2025_2026_02_27,header_line:48628,RECONSTRUCTED,SOURCE_SUPPORTED_COUNTRY_EVIDENCE,unique HURDAT storm retained when at least one canonical source-supported event-country row exists,Source-based reconstruction; not exact recovery of the unpublished Balcik event table. Two-week period unresolved and out of R6-I historical source-layer scope.
AL032012,AL032012,CHRIS,2012,2012-06-17,2012-06-24,,H1,Mild,75,knots,NOAA_NHC_HURDAT2,NHC_HURDAT2_ATLANTIC_1851_2025_2026_02_27,header_line:49897,RECONSTRUCTED,SOURCE_SUPPORTED_COUNTRY_EVIDENCE,unique HURDAT storm retained when at least one canonical source-supported event-country row exists,Source-based reconstruction; not exact recovery of the unpublished Balcik event table. Two-week period unresolved and out of R6-I historical source-layer scope.
AL032013,AL032013,CHANTAL,2013,2013-07-07,2013-07-10,,TS_OR_LOWER,Mild,55,knots,NOAA_NHC_HURDAT2,NHC_HURDAT2_ATLANTIC_1851_2025_2026_02_27,header_line:50554,RECONSTRUCTED,SOURCE_SUPPORTED_COUNTRY_EVIDENCE,unique HURDAT storm retained when at least one canonical source-supported event-country row exists,Source-based reconstruction; not exact recovery of the unpublished Balcik event table. Two-week period unresolved and out of R6-I historical source-layer scope.
AL032014,AL032014,BERTHA,2014,2014-07-29,2014-08-09,,H1,Mild,70,knots,NOAA_NHC_HURDAT2,NHC_HURDAT2_ATLANTIC_1851_2025_2026_02_27,header_line:50942,RECONSTRUCTED,SOURCE_SUPPORTED_COUNTRY_EVIDENCE,unique HURDAT storm retained when at least one canonical source-supported event-country row exists,Source-based reconstruction; not exact recovery of the unpublished Balcik event table. Two-week period unresolved and out of R6-I historical source-layer scope.
AL041950,AL041950,DOG,1950,1950-08-30,1950-09-18,,H4,Very Strong,125,knots,NOAA_NHC_HURDAT2,NHC_HURDAT2_ATLANTIC_1851_2025_2026_02_27,header_line:22859,RECONSTRUCTED,SOURCE_SUPPORTED_COUNTRY_EVIDENCE,unique HURDAT storm retained when at least one canonical source-supported event-country row exists,Source-based reconstruction; not exact recovery of the unpublished Balcik event table. Two-week period unresolved and out of R6-I historical source-layer scope.
AL041951,AL041951,CHARLIE,1951,1951-08-12,1951-08-23,,H4,Very Strong,115,knots,NOAA_NHC_HURDAT2,NHC_HURDAT2_ATLANTIC_1851_2025_2026_02_27,header_line:23335,RECONSTRUCTED,SOURCE_SUPPORTED_COUNTRY_EVIDENCE,unique HURDAT storm retained when at least one canonical source-supported event-country row exists,Source-based reconstruction; not exact recovery of the unpublished Balcik event table. Two-week period unresolved and out of R6-I historical source-layer scope.
AL041962,AL041962,DAISY,1962,1962-09-29,1962-10-09,,H2,Mild,90,knots,NOAA_NHC_HURDAT2,NHC_HURDAT2_ATLANTIC_1851_2025_2026_02_27,header_line:27371,RECONSTRUCTED,SOURCE_SUPPORTED_COUNTRY_EVIDENCE,unique HURDAT storm retained when at least one canonical source-supported event-country row exists,Source-based reconstruction; not exact recovery of the unpublished Balcik event table. Two-week period unresolved and out of R6-I historical source-layer scope.
AL041964,AL041964,BRENDA,1964,1964-08-08,1964-08-10,,TS_OR_LOWER,Mild,45,knots,NOAA_NHC_HURDAT2,NHC_HURDAT2_ATLANTIC_1851_2025_2026_02_27,header_line:28034,RECONSTRUCTED,SOURCE_SUPPORTED_COUNTRY_EVIDENCE,unique HURDAT storm retained when at least one canonical source-supported event-country row exists,Source-based reconstruction; not exact recovery of the unpublished Balcik event table. Two-week period unresolved and out of R6-I historical source-layer scope.
AL041973,AL041973,ALICE,1973,1973-07-01,1973-07-07,,H1,Mild,80,knots,NOAA_NHC_HURDAT2,NHC_HURDAT2_ATLANTIC_1851_2025_2026_02_27,header_line:32626,RECONSTRUCTED,SOURCE_SUPPORTED_COUNTRY_EVIDENCE,unique HURDAT storm retained when at least one canonical source-supported event-country row exists,Source-based reconstruction; not exact recovery of the unpublished Balcik event table. Two-week period unresolved and out of R6-I historical source-layer scope.
AL041980,AL041980,ALLEN,1980,1980-07-31,1980-08-11,,H5,Very Strong,165,knots,NOAA_NHC_HURDAT2,NHC_HURDAT2_ATLANTIC_1851_2025_2026_02_27,header_line:35591,RECONSTRUCTED,SOURCE_SUPPORTED_COUNTRY_EVIDENCE,unique HURDAT storm retained when at least one canonical source-supported event-country row exists,Source-based reconstruction; not exact recovery of the unpublished Balcik event table. Two-week period unresolved and out of R6-I historical source-layer scope.
AL041983,AL041983,BARRY,1983,1983-08-23,1983-08-29,,H1,Mild,70,knots,NOAA_NHC_HURDAT2,NHC_HURDAT2_ATLANTIC_1851_2025_2026_02_27,header_line:36747,RECONSTRUCTED,SOURCE_SUPPORTED_COUNTRY_EVIDENCE,unique HURDAT storm retained when at least one canonical source-supported event-country row exists,Source-based reconstruction; not exact recovery of the unpublished Balcik event table. Two-week period unresolved and out of R6-I historical source-layer scope.
AL041992,AL041992,ANDREW,1992,1992-08-16,1992-08-28,,H5,Very Strong,150,knots,NOAA_NHC_HURDAT2,NHC_HURDAT2_ATLANTIC_1851_2025_2026_02_27,header_line:40001,RECONSTRUCTED,SOURCE_SUPPORTED_COUNTRY_EVIDENCE,unique HURDAT storm retained when at least one canonical source-supported event-country row exists,Source-based reconstruction; not exact recovery of the unpublished Balcik event table. Two-week period unresolved and out of R6-I historical source-layer scope.
AL041993,AL041993,CINDY,1993,1993-08-14,1993-08-17,,TS_OR_LOWER,Mild,40,knots,NOAA_NHC_HURDAT2,NHC_HURDAT2_ATLANTIC_1851_2025_2026_02_27,header_line:40316,RECONSTRUCTED,SOURCE_SUPPORTED_COUNTRY_EVIDENCE,unique HURDAT storm retained when at least one canonical source-supported event-country row exists,Source-based reconstruction; not exact recovery of the unpublished Balcik event table. Two-week period unresolved and out of R6-I historical source-layer scope.
AL042001,AL042001,CHANTAL,2001,2001-08-14,2001-08-22,,TS_OR_LOWER,Mild,60,knots,NOAA_NHC_HURDAT2,NHC_HURDAT2_ATLANTIC_1851_2025_2026_02_27,header_line:43893,RECONSTRUCTED,SOURCE_SUPPORTED_COUNTRY_EVIDENCE,unique HURDAT storm retained when at least one canonical source-supported event-country row exists,Source-based reconstruction; not exact recovery of the unpublished Balcik event table. Two-week period unresolved and out of R6-I historical source-layer scope.
AL042003,AL042003,CLAUDETTE,2003,2003-07-07,2003-07-17,,H1,Mild,80,knots,NOAA_NHC_HURDAT2,NHC_HURDAT2_ATLANTIC_1851_2025_2026_02_27,header_line:44790,RECONSTRUCTED,SOURCE_SUPPORTED_COUNTRY_EVIDENCE,unique HURDAT storm retained when at least one canonical source-supported event-country row exists,Source-based reconstruction; not exact recovery of the unpublished Balcik event table. Two-week period unresolved and out of R6-I historical source-layer scope.
AL042005,AL042005,DENNIS,2005,2005-07-04,2005-07-18,,H4,Very Strong,130,knots,NOAA_NHC_HURDAT2,NHC_HURDAT2_ATLANTIC_1851_2025_2026_02_27,header_line:46035,RECONSTRUCTED,SOURCE_SUPPORTED_COUNTRY_EVIDENCE,unique HURDAT storm retained when at least one canonical source-supported event-country row exists,Source-based reconstruction; not exact recovery of the unpublished Balcik event table. Two-week period unresolved and out of R6-I historical source-layer scope.
AL042006,AL042006,CHRIS,2006,2006-08-01,2006-08-06,,TS_OR_LOWER,Mild,55,knots,NOAA_NHC_HURDAT2,NHC_HURDAT2_ATLANTIC_1851_2025_2026_02_27,header_line:47003,RECONSTRUCTED,SOURCE_SUPPORTED_COUNTRY_EVIDENCE,unique HURDAT storm retained when at least one canonical source-supported event-country row exists,Source-based reconstruction; not exact recovery of the unpublished Balcik event table. Two-week period unresolved and out of R6-I historical source-layer scope.
AL042007,AL042007,DEAN,2007,2007-08-13,2007-08-23,,H5,Very Strong,150,knots,NOAA_NHC_HURDAT2,NHC_HURDAT2_ATLANTIC_1851_2025_2026_02_27,header_line:47392,RECONSTRUCTED,SOURCE_SUPPORTED_COUNTRY_EVIDENCE,unique HURDAT storm retained when at least one canonical source-supported event-country row exists,Source-based reconstruction; not exact recovery of the unpublished Balcik event table. Two-week period unresolved and out of R6-I historical source-layer scope.
AL042014,AL042014,CRISTOBAL,2014,2014-08-23,2014-09-02,,H1,Mild,75,knots,NOAA_NHC_HURDAT2,NHC_HURDAT2_ATLANTIC_1851_2025_2026_02_27,header_line:50990,RECONSTRUCTED,SOURCE_SUPPORTED_COUNTRY_EVIDENCE,unique HURDAT storm retained when at least one canonical source-supported event-country row exists,Source-based reconstruction; not exact recovery of the unpublished Balcik event table. Two-week period unresolved and out of R6-I historical source-layer scope.
AL042015,AL042015,DANNY,2015,2015-08-17,2015-08-24,,H3,Strong,110,knots,NOAA_NHC_HURDAT2,NHC_HURDAT2_ATLANTIC_1851_2025_2026_02_27,header_line:51253,RECONSTRUCTED,SOURCE_SUPPORTED_COUNTRY_EVIDENCE,unique HURDAT storm retained when at least one canonical source-supported event-country row exists,Source-based reconstruction; not exact recovery of the unpublished Balcik event table. Two-week period unresolved and out of R6-I historical source-layer scope.
AL051951,AL051951,DOG,1951,1951-08-27,1951-09-05,,H1,Mild,80,knots,NOAA_NHC_HURDAT2,NHC_HURDAT2_ATLANTIC_1851_2025_2026_02_27,header_line:23388,RECONSTRUCTED,SOURCE_SUPPORTED_COUNTRY_EVIDENCE,unique HURDAT storm retained when at least one canonical source-supported event-country row exists,Source-based reconstruction; not exact recovery of the unpublished Balcik event table. Two-week period unresolved and out of R6-I historical source-layer scope.
AL051958,AL051958,ELLA,1958,1958-08-30,1958-09-07,,H2,Mild,95,knots,NOAA_NHC_HURDAT2,NHC_HURDAT2_ATLANTIC_1851_2025_2026_02_27,header_line:25918,RECONSTRUCTED,SOURCE_SUPPORTED_COUNTRY_EVIDENCE,unique HURDAT storm retained when at least one canonical source-supported event-country row exists,Source-based reconstruction; not exact recovery of the unpublished Balcik event table. Two-week period unresolved and out of R6-I historical source-layer scope.
AL051960,AL051960,DONNA,1960,1960-08-29,1960-09-14,,H4,Very Strong,125,knots,NOAA_NHC_HURDAT2,NHC_HURDAT2_ATLANTIC_1851_2025_2026_02_27,header_line:26667,RECONSTRUCTED,SOURCE_SUPPORTED_COUNTRY_EVIDENCE,unique HURDAT storm retained when at least one canonical source-supported event-country row exists,Source-based reconstruction; not exact recovery of the unpublished Balcik event table. Two-week period unresolved and out of R6-I historical source-layer scope.
AL051964,AL051964,CLEO,1964,1964-08-20,1964-09-11,,H4,Very Strong,130,knots,NOAA_NHC_HURDAT2,NHC_HURDAT2_ATLANTIC_1851_2025_2026_02_27,header_line:28046,RECONSTRUCTED,SOURCE_SUPPORTED_COUNTRY_EVIDENCE,unique HURDAT storm retained when at least one canonical source-supported event-country row exists,Source-based reconstruction; not exact recovery of the unpublished Balcik event table. Two-week period unresolved and out of R6-I historical source-layer scope.
AL051989,AL051989,DEAN,1989,1989-07-31,1989-08-09,,H2,Mild,90,knots,NOAA_NHC_HURDAT2,NHC_HURDAT2_ATLANTIC_1851_2025_2026_02_27,header_line:38805,RECONSTRUCTED,SOURCE_SUPPORTED_COUNTRY_EVIDENCE,unique HURDAT storm retained when at least one canonical source-supported event-country row exists,Source-based reconstruction; not exact recovery of the unpublished Balcik event table. Two-week period unresolved and out of R6-I historical source-layer scope.
AL051995,AL051995,ERIN,1995,1995-07-31,1995-08-06,,H2,Mild,85,knots,NOAA_NHC_HURDAT2,NHC_HURDAT2_ATLANTIC_1851_2025_2026_02_27,header_line:40860,RECONSTRUCTED,SOURCE_SUPPORTED_COUNTRY_EVIDENCE,unique HURDAT storm retained when at least one canonical source-supported event-country row exists,Source-based reconstruction; not exact recovery of the unpublished Balcik event table. Two-week period unresolved and out of R6-I historical source-layer scope.
AL051999,AL051999,DENNIS,1999,1999-08-24,1999-09-08,,H2,Mild,90,knots,NOAA_NHC_HURDAT2,NHC_HURDAT2_ATLANTIC_1851_2025_2026_02_27,header_line:42953,RECONSTRUCTED,SOURCE_SUPPORTED_COUNTRY_EVIDENCE,unique HURDAT storm retained when at least one canonical source-supported event-country row exists,Source-based reconstruction; not exact recovery of the unpublished Balcik event table. Two-week period unresolved and out of R6-I historical source-layer scope.
AL052001,AL052001,DEAN,2001,2001-08-22,2001-08-29,,TS_OR_LOWER,Mild,60,knots,NOAA_NHC_HURDAT2,NHC_HURDAT2_ATLANTIC_1851_2025_2026_02_27,header_line:43927,RECONSTRUCTED,SOURCE_SUPPORTED_COUNTRY_EVIDENCE,unique HURDAT storm retained when at least one canonical source-supported event-country row exists,Source-based reconstruction; not exact recovery of the unpublished Balcik event table. Two-week period unresolved and out of R6-I historical source-layer scope.
AL052004,AL052004,EARL,2004,2004-08-13,2004-08-15,,TS_OR_LOWER,Mild,45,knots,NOAA_NHC_HURDAT2,NHC_HURDAT2_ATLANTIC_1851_2025_2026_02_27,header_line:45486,RECONSTRUCTED,SOURCE_SUPPORTED_COUNTRY_EVIDENCE,unique HURDAT storm retained when at least one canonical source-supported event-country row exists,Source-based reconstruction; not exact recovery of the unpublished Balcik event table. Two-week period unresolved and out of R6-I historical source-layer scope.
AL052005,AL052005,EMILY,2005,2005-07-11,2005-07-21,,H5,Very Strong,140,knots,NOAA_NHC_HURDAT2,NHC_HURDAT2_ATLANTIC_1851_2025_2026_02_27,header_line:46095,RECONSTRUCTED,SOURCE_SUPPORTED_COUNTRY_EVIDENCE,unique HURDAT storm retained when at least one canonical source-supported event-country row exists,Source-based reconstruction; not exact recovery of the unpublished Balcik event table. Two-week period unresolved and out of R6-I historical source-layer scope.
AL052011,AL052011,EMILY,2011,2011-08-02,2011-08-07,,TS_OR_LOWER,Mild,45,knots,NOAA_NHC_HURDAT2,NHC_HURDAT2_ATLANTIC_1851_2025_2026_02_27,header_line:49338,RECONSTRUCTED,SOURCE_SUPPORTED_COUNTRY_EVIDENCE,unique HURDAT storm retained when at least one canonical source-supported event-country row exists,Source-based reconstruction; not exact recovery of the unpublished Balcik event table. Two-week period unresolved and out of R6-I historical source-layer scope.
AL052012,AL052012,ERNESTO,2012,2012-08-01,2012-08-10,,H2,Mild,85,knots,NOAA_NHC_HURDAT2,NHC_HURDAT2_ATLANTIC_1851_2025_2026_02_27,header_line:49948,RECONSTRUCTED,SOURCE_SUPPORTED_COUNTRY_EVIDENCE,unique HURDAT storm retained when at least one canonical source-supported event-country row exists,Source-based reconstruction; not exact recovery of the unpublished Balcik event table. Two-week period unresolved and out of R6-I historical source-layer scope.
AL052015,AL052015,ERIKA,2015,2015-08-24,2015-08-28,,TS_OR_LOWER,Mild,45,knots,NOAA_NHC_HURDAT2,NHC_HURDAT2_ATLANTIC_1851_2025_2026_02_27,header_line:51285,RECONSTRUCTED,SOURCE_SUPPORTED_COUNTRY_EVIDENCE,unique HURDAT storm retained when at least one canonical source-supported event-country row exists,Source-based reconstruction; not exact recovery of the unpublished Balcik event table. Two-week period unresolved and out of R6-I historical source-layer scope.
AL052016,AL052016,EARL,2016,2016-08-02,2016-08-06,,H1,Mild,75,knots,NOAA_NHC_HURDAT2,NHC_HURDAT2_ATLANTIC_1851_2025_2026_02_27,header_line:51665,RECONSTRUCTED,SOURCE_SUPPORTED_COUNTRY_EVIDENCE,unique HURDAT storm retained when at least one canonical source-supported event-country row exists,Source-based reconstruction; not exact recovery of the unpublished Balcik event table. Two-week period unresolved and out of R6-I historical source-layer scope.
AL061952,AL061952,CHARLIE,1952,1952-09-24,1952-10-01,,H3,Strong,105,knots,NOAA_NHC_HURDAT2,NHC_HURDAT2_ATLANTIC_1851_2025_2026_02_27,header_line:23824,RECONSTRUCTED,SOURCE_SUPPORTED_COUNTRY_EVIDENCE,unique HURDAT storm retained when at least one canonical source-supported event-country row exists,Source-based reconstruction; not exact recovery of the unpublished Balcik event table. Two-week period unresolved and out of R6-I historical source-layer scope.
AL061953,AL061953,DOLLY,1953,1953-09-08,1953-09-16,,H1,Mild,65,knots,NOAA_NHC_HURDAT2,NHC_HURDAT2_ATLANTIC_1851_2025_2026_02_27,header_line:24155,RECONSTRUCTED,SOURCE_SUPPORTED_COUNTRY_EVIDENCE,unique HURDAT storm retained when at least one canonical source-supported event-country row exists,Source-based reconstruction; not exact recovery of the unpublished Balcik event table. Two-week period unresolved and out of R6-I historical source-layer scope.
AL061954,AL061954,CAROL,1954,1954-08-25,1954-09-01,,H3,Strong,100,knots,NOAA_NHC_HURDAT2,NHC_HURDAT2_ATLANTIC_1851_2025_2026_02_27,header_line:24483,RECONSTRUCTED,SOURCE_SUPPORTED_COUNTRY_EVIDENCE,unique HURDAT storm retained when at least one canonical source-supported event-country row exists,Source-based reconstruction; not exact recovery of the unpublished Balcik event table. Two-week period unresolved and out of R6-I historical source-layer scope.
AL061956,AL061956,ETHEL,1956,1956-09-11,1956-09-14,,TS_OR_LOWER,Mild,50,knots,NOAA_NHC_HURDAT2,NHC_HURDAT2_ATLANTIC_1851_2025_2026_02_27,header_line:25390,RECONSTRUCTED,SOURCE_SUPPORTED_COUNTRY_EVIDENCE,unique HURDAT storm retained when at least one canonical source-supported event-country row exists,Source-based reconstruction; not exact recovery of the unpublished Balcik event table. Two-week period unresolved and out of R6-I historical source-layer scope.
AL061959,AL061959,EDITH,1959,1959-08-18,1959-08-19,,TS_OR_LOWER,Mild,50,knots,NOAA_NHC_HURDAT2,NHC_HURDAT2_ATLANTIC_1851_2025_2026_02_27,header_line:26296,RECONSTRUCTED,SOURCE_SUPPORTED_COUNTRY_EVIDENCE,unique HURDAT storm retained when at least one canonical source-supported event-country row exists,Source-based reconstruction; not exact recovery of the unpublished Balcik event table. Two-week period unresolved and out of R6-I historical source-layer scope.
AL061963,AL061963,EDITH,1963,1963-09-23,1963-09-29,,H2,Mild,85,knots,NOAA_NHC_HURDAT2,NHC_HURDAT2_ATLANTIC_1851_2025_2026_02_27,header_line:27732,RECONSTRUCTED,SOURCE_SUPPORTED_COUNTRY_EVIDENCE,unique HURDAT storm retained when at least one canonical source-supported event-country row exists,Source-based reconstruction; not exact recovery of the unpublished Balcik event table. Two-week period unresolved and out of R6-I historical source-layer scope.
AL061966,AL061966,FAITH,1966,1966-08-21,1966-09-13,,H3,Strong,105,knots,NOAA_NHC_HURDAT2,NHC_HURDAT2_ATLANTIC_1851_2025_2026_02_27,header_line:28973,RECONSTRUCTED,SOURCE_SUPPORTED_COUNTRY_EVIDENCE,unique HURDAT storm retained when at least one canonical source-supported event-country row exists,Source-based reconstruction; not exact recovery of the unpublished Balcik event table. Two-week period unresolved and out of R6-I historical source-layer scope.
AL061978,AL061978,CORA,1978,1978-08-07,1978-08-12,,H1,Mild,80,knots,NOAA_NHC_HURDAT2,NHC_HURDAT2_ATLANTIC_1851_2025_2026_02_27,header_line:34550,RECONSTRUCTED,SOURCE_SUPPORTED_COUNTRY_EVIDENCE,unique HURDAT storm retained when at least one canonical source-supported event-country row exists,Source-based reconstruction; not exact recovery of the unpublished Balcik event table. Two-week period unresolved and out of R6-I historical source-layer scope.
AL061979,AL061979,CLAUDETTE,1979,1979-07-15,1979-07-29,,TS_OR_LOWER,Mild,45,knots,NOAA_NHC_HURDAT2,NHC_HURDAT2_ATLANTIC_1851_2025_2026_02_27,header_line:35078,RECONSTRUCTED,SOURCE_SUPPORTED_COUNTRY_EVIDENCE,unique HURDAT storm retained when at least one canonical source-supported event-country row exists,Source-based reconstruction; not exact recovery of the unpublished Balcik event table. Two-week period unresolved and out of R6-I historical source-layer scope.
AL061994,AL061994,DEBBY,1994,1994-09-09,1994-09-11,,TS_OR_LOWER,Mild,60,knots,NOAA_NHC_HURDAT2,NHC_HURDAT2_ATLANTIC_1851_2025_2026_02_27,header_line:40590,RECONSTRUCTED,SOURCE_SUPPORTED_COUNTRY_EVIDENCE,unique HURDAT storm retained when at least one canonical source-supported event-country row exists,Source-based reconstruction; not exact recovery of the unpublished Balcik event table. Two-week period unresolved and out of R6-I historical source-layer scope.
AL062004,AL062004,FRANCES,2004,2004-08-25,2004-09-10,,H4,Very Strong,125,knots,NOAA_NHC_HURDAT2,NHC_HURDAT2_ATLANTIC_1851_2025_2026_02_27,header_line:45496,RECONSTRUCTED,SOURCE_SUPPORTED_COUNTRY_EVIDENCE,unique HURDAT storm retained when at least one canonical source-supported event-country row exists,Source-based reconstruction; not exact recovery of the unpublished Balcik event table. Two-week period unresolved and out of R6-I historical source-layer scope.
AL062005,AL062005,FRANKLIN,2005,2005-07-21,2005-07-31,,TS_OR_LOWER,Mild,60,knots,NOAA_NHC_HURDAT2,NHC_HURDAT2_ATLANTIC_1851_2025_2026_02_27,header_line:46141,RECONSTRUCTED,SOURCE_SUPPORTED_COUNTRY_EVIDENCE,unique HURDAT storm retained when at least one canonical source-supported event-country row exists,Source-based reconstruction; not exact recovery of the unpublished Balcik event table. Two-week period unresolved and out of R6-I historical source-layer scope.
AL062006,AL062006,ERNESTO,2006,2006-08-24,2006-09-04,,H1,Mild,65,knots,NOAA_NHC_HURDAT2,NHC_HURDAT2_ATLANTIC_1851_2025_2026_02_27,header_line:47054,RECONSTRUCTED,SOURCE_SUPPORTED_COUNTRY_EVIDENCE,unique HURDAT storm retained when at least one canonical source-supported event-country row exists,Source-based reconstruction; not exact recovery of the unpublished Balcik event table. Two-week period unresolved and out of R6-I historical source-layer scope.
AL062007,AL062007,FELIX,2007,2007-08-31,2007-09-06,,H5,Very Strong,150,knots,NOAA_NHC_HURDAT2,NHC_HURDAT2_ATLANTIC_1851_2025_2026_02_27,header_line:47457,RECONSTRUCTED,SOURCE_SUPPORTED_COUNTRY_EVIDENCE,unique HURDAT storm retained when at least one canonical source-supported event-country row exists,Source-based reconstruction; not exact recovery of the unpublished Balcik event table. Two-week period unresolved and out of R6-I historical source-layer scope.
AL062008,AL062008,FAY,2008,2008-08-15,2008-08-28,,TS_OR_LOWER,Mild,60,knots,NOAA_NHC_HURDAT2,NHC_HURDAT2_ATLANTIC_1851_2025_2026_02_27,header_line:47884,RECONSTRUCTED,SOURCE_SUPPORTED_COUNTRY_EVIDENCE,unique HURDAT storm retained when at least one canonical source-supported event-country row exists,Source-based reconstruction; not exact recovery of the unpublished Balcik event table. Two-week period unresolved and out of R6-I historical source-layer scope.
AL062009,AL062009,ERIKA,2009,2009-09-01,2009-09-04,,TS_OR_LOWER,Mild,45,knots,NOAA_NHC_HURDAT2,NHC_HURDAT2_ATLANTIC_1851_2025_2026_02_27,header_line:48417,RECONSTRUCTED,SOURCE_SUPPORTED_COUNTRY_EVIDENCE,unique HURDAT storm retained when at least one canonical source-supported event-country row exists,Source-based reconstruction; not exact recovery of the unpublished Balcik event table. Two-week period unresolved and out of R6-I historical source-layer scope.
AL071953,AL071953,EDNA,1953,1953-09-15,1953-09-21,,H3,Strong,100,knots,NOAA_NHC_HURDAT2,NHC_HURDAT2_ATLANTIC_1851_2025_2026_02_27,header_line:24191,RECONSTRUCTED,SOURCE_SUPPORTED_COUNTRY_EVIDENCE,unique HURDAT storm retained when at least one canonical source-supported event-country row exists,Source-based reconstruction; not exact recovery of the unpublished Balcik event table. Two-week period unresolved and out of R6-I historical source-layer scope.
AL071958,AL071958,GERDA,1958,1958-09-14,1958-09-22,,TS_OR_LOWER,Mild,50,knots,NOAA_NHC_HURDAT2,NHC_HURDAT2_ATLANTIC_1851_2025_2026_02_27,header_line:25985,RECONSTRUCTED,SOURCE_SUPPORTED_COUNTRY_EVIDENCE,unique HURDAT storm retained when at least one canonical source-supported event-country row exists,Source-based reconstruction; not exact recovery of the unpublished Balcik event table. Two-week period unresolved and out of R6-I historical source-layer scope.
AL071960,AL071960,FLORENCE,1960,1960-09-17,1960-09-26,,TS_OR_LOWER,Mild,50,knots,NOAA_NHC_HURDAT2,NHC_HURDAT2_ATLANTIC_1851_2025_2026_02_27,header_line:26763,RECONSTRUCTED,SOURCE_SUPPORTED_COUNTRY_EVIDENCE,unique HURDAT storm retained when at least one canonical source-supported event-country row exists,Source-based reconstruction; not exact recovery of the unpublished Balcik event table. Two-week period unresolved and out of R6-I historical source-layer scope.
AL071961,AL071961,FRANCES,1961,1961-09-30,1961-10-10,,H4,Very Strong,115,knots,NOAA_NHC_HURDAT2,NHC_HURDAT2_ATLANTIC_1851_2025_2026_02_27,header_line:27110,RECONSTRUCTED,SOURCE_SUPPORTED_COUNTRY_EVIDENCE,unique HURDAT storm retained when at least one canonical source-supported event-country row exists,Source-based reconstruction; not exact recovery of the unpublished Balcik event table. Two-week period unresolved and out of R6-I historical source-layer scope.
AL071963,AL071963,FLORA,1963,1963-09-28,1963-10-17,,H4,Very Strong,130,knots,NOAA_NHC_HURDAT2,NHC_HURDAT2_ATLANTIC_1851_2025_2026_02_27,header_line:27761,RECONSTRUCTED,SOURCE_SUPPORTED_COUNTRY_EVIDENCE,unique HURDAT storm retained when at least one canonical source-supported event-country row exists,Source-based reconstruction; not exact recovery of the unpublished Balcik event table. Two-week period unresolved and out of R6-I historical source-layer scope.
AL071974,AL071974,ALMA,1974,1974-08-12,1974-08-15,,TS_OR_LOWER,Mild,55,knots,NOAA_NHC_HURDAT2,NHC_HURDAT2_ATLANTIC_1851_2025_2026_02_27,header_line:33028,RECONSTRUCTED,SOURCE_SUPPORTED_COUNTRY_EVIDENCE,unique HURDAT storm retained when at least one canonical source-supported event-country row exists,Source-based reconstruction; not exact recovery of the unpublished Balcik event table. Two-week period unresolved and out of R6-I historical source-layer scope.
AL071977,AL071977,CLARA,1977,1977-09-05,1977-09-12,,H1,Mild,65,knots,NOAA_NHC_HURDAT2,NHC_HURDAT2_ATLANTIC_1851_2025_2026_02_27,header_line:34383,RECONSTRUCTED,SOURCE_SUPPORTED_COUNTRY_EVIDENCE,unique HURDAT storm retained when at least one canonical source-supported event-country row exists,Source-based reconstruction; not exact recovery of the unpublished Balcik event table. Two-week period unresolved and out of R6-I historical source-layer scope.
AL071990,AL071990,FRAN,1990,1990-08-11,1990-08-14,,TS_OR_LOWER,Mild,35,knots,NOAA_NHC_HURDAT2,NHC_HURDAT2_ATLANTIC_1851_2025_2026_02_27,header_line:39370,RECONSTRUCTED,SOURCE_SUPPORTED_COUNTRY_EVIDENCE,unique HURDAT storm retained when at least one canonical source-supported event-country row exists,Source-based reconstruction; not exact recovery of the unpublished Balcik event table. Two-week period unresolved and out of R6-I historical source-layer scope.
AL071998,AL071998,GEORGES,1998,1998-09-15,1998-10-01,,H4,Very Strong,135,knots,NOAA_NHC_HURDAT2,NHC_HURDAT2_ATLANTIC_1851_2025_2026_02_27,header_line:42498,RECONSTRUCTED,SOURCE_SUPPORTED_COUNTRY_EVIDENCE,unique HURDAT storm retained when at least one canonical source-supported event-country row exists,Source-based reconstruction; not exact recovery of the unpublished Balcik event table. Two-week period unresolved and out of R6-I historical source-layer scope.
AL072000,AL072000,DEBBY,2000,2000-08-19,2000-08-24,,H1,Mild,75,knots,NOAA_NHC_HURDAT2,NHC_HURDAT2_ATLANTIC_1851_2025_2026_02_27,header_line:43455,RECONSTRUCTED,SOURCE_SUPPORTED_COUNTRY_EVIDENCE,unique HURDAT storm retained when at least one canonical source-supported event-country row exists,Source-based reconstruction; not exact recovery of the unpublished Balcik event table. Two-week period unresolved and out of R6-I historical source-layer scope.
AL072006,AL072006,FLORENCE,2006,2006-09-03,2006-09-19,,H1,Mild,80,knots,NOAA_NHC_HURDAT2,NHC_HURDAT2_ATLANTIC_1851_2025_2026_02_27,header_line:47102,RECONSTRUCTED,SOURCE_SUPPORTED_COUNTRY_EVIDENCE,unique HURDAT storm retained when at least one canonical source-supported event-country row exists,Source-based reconstruction; not exact recovery of the unpublished Balcik event table. Two-week period unresolved and out of R6-I historical source-layer scope.
AL072008,AL072008,GUSTAV,2008,2008-08-25,2008-09-05,,H4,Very Strong,135,knots,NOAA_NHC_HURDAT2,NHC_HURDAT2_ATLANTIC_1851_2025_2026_02_27,header_line:47945,RECONSTRUCTED,SOURCE_SUPPORTED_COUNTRY_EVIDENCE,unique HURDAT storm retained when at least one canonical source-supported event-country row exists,Source-based reconstruction; not exact recovery of the unpublished Balcik event table. Two-week period unresolved and out of R6-I historical source-layer scope.
AL072010,AL072010,EARL,2010,2010-08-24,2010-09-06,,H4,Very Strong,125,knots,NOAA_NHC_HURDAT2,NHC_HURDAT2_ATLANTIC_1851_2025_2026_02_27,header_line:48758,RECONSTRUCTED,SOURCE_SUPPORTED_COUNTRY_EVIDENCE,unique HURDAT storm retained when at least one canonical source-supported event-country row exists,Source-based reconstruction; not exact recovery of the unpublished Balcik event table. Two-week period unresolved and out of R6-I historical source-layer scope.
AL072013,AL072013,GABRIELLE,2013,2013-09-04,2013-09-13,,TS_OR_LOWER,Mild,55,knots,NOAA_NHC_HURDAT2,NHC_HURDAT2_ATLANTIC_1851_2025_2026_02_27,header_line:50649,RECONSTRUCTED,SOURCE_SUPPORTED_COUNTRY_EVIDENCE,unique HURDAT storm retained when at least one canonical source-supported event-country row exists,Source-based reconstruction; not exact recovery of the unpublished Balcik event table. Two-week period unresolved and out of R6-I historical source-layer scope.
AL072014,AL072014,FAY,2014,2014-10-10,2014-10-13,,H1,Mild,70,knots,NOAA_NHC_HURDAT2,NHC_HURDAT2_ATLANTIC_1851_2025_2026_02_27,header_line:51092,RECONSTRUCTED,SOURCE_SUPPORTED_COUNTRY_EVIDENCE,unique HURDAT storm retained when at least one canonical source-supported event-country row exists,Source-based reconstruction; not exact recovery of the unpublished Balcik event table. Two-week period unresolved and out of R6-I historical source-layer scope.
AL081954,AL081954,EDNA,1954,1954-09-05,1954-09-14,,H3,Strong,110,knots,NOAA_NHC_HURDAT2,NHC_HURDAT2_ATLANTIC_1851_2025_2026_02_27,header_line:24533,RECONSTRUCTED,SOURCE_SUPPORTED_COUNTRY_EVIDENCE,unique HURDAT storm retained when at least one canonical source-supported event-country row exists,Source-based reconstruction; not exact recovery of the unpublished Balcik event table. Two-week period unresolved and out of R6-I historical source-layer scope.
AL081955,AL081955,IONE,1955,1955-09-10,1955-09-27,,H4,Very Strong,120,knots,NOAA_NHC_HURDAT2,NHC_HURDAT2_ATLANTIC_1851_2025_2026_02_27,header_line:25047,RECONSTRUCTED,SOURCE_SUPPORTED_COUNTRY_EVIDENCE,unique HURDAT storm retained when at least one canonical source-supported event-country row exists,Source-based reconstruction; not exact recovery of the unpublished Balcik event table. Two-week period unresolved and out of R6-I historical source-layer scope.
AL081956,AL081956,GRETA,1956,1956-10-31,1956-11-07,,H2,Mild,85,knots,NOAA_NHC_HURDAT2,NHC_HURDAT2_ATLANTIC_1851_2025_2026_02_27,header_line:25455,RECONSTRUCTED,SOURCE_SUPPORTED_COUNTRY_EVIDENCE,unique HURDAT storm retained when at least one canonical source-supported event-country row exists,Source-based reconstruction; not exact recovery of the unpublished Balcik event table. Two-week period unresolved and out of R6-I historical source-layer scope.
AL081959,AL081959,GRACIE,1959,1959-09-20,1959-10-02,,H4,Very Strong,115,knots,NOAA_NHC_HURDAT2,NHC_HURDAT2_ATLANTIC_1851_2025_2026_02_27,header_line:26321,RECONSTRUCTED,SOURCE_SUPPORTED_COUNTRY_EVIDENCE,unique HURDAT storm retained when at least one canonical source-supported event-country row exists,Source-based reconstruction; not exact recovery of the unpublished Balcik event table. Two-week period unresolved and out of R6-I historical source-layer scope.
AL081961,AL081961,GERDA,1961,1961-10-17,1961-10-22,,H1,Mild,65,knots,NOAA_NHC_HURDAT2,NHC_HURDAT2_ATLANTIC_1851_2025_2026_02_27,header_line:27154,RECONSTRUCTED,SOURCE_SUPPORTED_COUNTRY_EVIDENCE,unique HURDAT storm retained when at least one canonical source-supported event-country row exists,Source-based reconstruction; not exact recovery of the unpublished Balcik event table. Two-week period unresolved and out of R6-I historical source-layer scope.
AL081986,AL081986,DANIELLE,1986,1986-09-07,1986-09-10,,TS_OR_LOWER,Mild,50,knots,NOAA_NHC_HURDAT2,NHC_HURDAT2_ATLANTIC_1851_2025_2026_02_27,header_line:37830,RECONSTRUCTED,SOURCE_SUPPORTED_COUNTRY_EVIDENCE,unique HURDAT storm retained when at least one canonical source-supported event-country row exists,Source-based reconstruction; not exact recovery of the unpublished Balcik event table. Two-week period unresolved and out of R6-I historical source-layer scope.
AL081988,AL081988,GILBERT,1988,1988-09-08,1988-09-20,,H5,Very Strong,160,knots,NOAA_NHC_HURDAT2,NHC_HURDAT2_ATLANTIC_1851_2025_2026_02_27,header_line:38428,RECONSTRUCTED,SOURCE_SUPPORTED_COUNTRY_EVIDENCE,unique HURDAT storm retained when at least one canonical source-supported event-country row exists,Source-based reconstruction; not exact recovery of the unpublished Balcik event table. Two-week period unresolved and out of R6-I historical source-layer scope.
AL081990,AL081990,GUSTAV,1990,1990-08-24,1990-09-03,,H3,Strong,105,knots,NOAA_NHC_HURDAT2,NHC_HURDAT2_ATLANTIC_1851_2025_2026_02_27,header_line:39384,RECONSTRUCTED,SOURCE_SUPPORTED_COUNTRY_EVIDENCE,unique HURDAT storm retained when at least one canonical source-supported event-country row exists,Source-based reconstruction; not exact recovery of the unpublished Balcik event table. Two-week period unresolved and out of R6-I historical source-layer scope.
AL081993,AL081993,GERT,1993,1993-09-14,1993-09-21,,H2,Mild,85,knots,NOAA_NHC_HURDAT2,NHC_HURDAT2_ATLANTIC_1851_2025_2026_02_27,header_line:40437,RECONSTRUCTED,SOURCE_SUPPORTED_COUNTRY_EVIDENCE,unique HURDAT storm retained when at least one canonical source-supported event-country row exists,Source-based reconstruction; not exact recovery of the unpublished Balcik event table. Two-week period unresolved and out of R6-I historical source-layer scope.
AL081996,AL081996,HORTENSE,1996,1996-09-03,1996-09-16,,H4,Very Strong,120,knots,NOAA_NHC_HURDAT2,NHC_HURDAT2_ATLANTIC_1851_2025_2026_02_27,header_line:41814,RECONSTRUCTED,SOURCE_SUPPORTED_COUNTRY_EVIDENCE,unique HURDAT storm retained when at least one canonical source-supported event-country row exists,Source-based reconstruction; not exact recovery of the unpublished Balcik event table. Two-week period unresolved and out of R6-I historical source-layer scope.
AL081999,AL081999,FLOYD,1999,1999-09-07,1999-09-19,,H4,Very Strong,135,knots,NOAA_NHC_HURDAT2,NHC_HURDAT2_ATLANTIC_1851_2025_2026_02_27,header_line:43048,RECONSTRUCTED,SOURCE_SUPPORTED_COUNTRY_EVIDENCE,unique HURDAT storm retained when at least one canonical source-supported event-country row exists,Source-based reconstruction; not exact recovery of the unpublished Balcik event table. Two-week period unresolved and out of R6-I historical source-layer scope.
AL082005,AL082005,HARVEY,2005,2005-08-02,2005-08-14,,TS_OR_LOWER,Mild,55,knots,NOAA_NHC_HURDAT2,NHC_HURDAT2_ATLANTIC_1851_2025_2026_02_27,header_line:46190,RECONSTRUCTED,SOURCE_SUPPORTED_COUNTRY_EVIDENCE,unique HURDAT storm retained when at least one canonical source-supported event-country row exists,Source-based reconstruction; not exact recovery of the unpublished Balcik event table. Two-week period unresolved and out of R6-I historical source-layer scope.
AL082008,AL082008,HANNA,2008,2008-08-28,2008-09-08,,H1,Mild,75,knots,NOAA_NHC_HURDAT2,NHC_HURDAT2_ATLANTIC_1851_2025_2026_02_27,header_line:47996,RECONSTRUCTED,SOURCE_SUPPORTED_COUNTRY_EVIDENCE,unique HURDAT storm retained when at least one canonical source-supported event-country row exists,Source-based reconstruction; not exact recovery of the unpublished Balcik event table. Two-week period unresolved and out of R6-I historical source-layer scope.
AL082010,AL082010,FIONA,2010,2010-08-30,2010-09-04,,TS_OR_LOWER,Mild,55,knots,NOAA_NHC_HURDAT2,NHC_HURDAT2_ATLANTIC_1851_2025_2026_02_27,header_line:48814,RECONSTRUCTED,SOURCE_SUPPORTED_COUNTRY_EVIDENCE,unique HURDAT storm retained when at least one canonical source-supported event-country row exists,Source-based reconstruction; not exact recovery of the unpublished Balcik event table. Two-week period unresolved and out of R6-I historical source-layer scope.
AL082014,AL082014,GONZALO,2014,2014-10-11,2014-10-20,,H4,Very Strong,125,knots,NOAA_NHC_HURDAT2,NHC_HURDAT2_ATLANTIC_1851_2025_2026_02_27,header_line:51107,RECONSTRUCTED,SOURCE_SUPPORTED_COUNTRY_EVIDENCE,unique HURDAT storm retained when at least one canonical source-supported event-country row exists,Source-based reconstruction; not exact recovery of the unpublished Balcik event table. Two-week period unresolved and out of R6-I historical source-layer scope.
AL091955,AL091955,HILDA,1955,1955-09-12,1955-09-20,,H3,Strong,105,knots,NOAA_NHC_HURDAT2,NHC_HURDAT2_ATLANTIC_1851_2025_2026_02_27,header_line:25117,RECONSTRUCTED,SOURCE_SUPPORTED_COUNTRY_EVIDENCE,unique HURDAT storm retained when at least one canonical source-supported event-country row exists,Source-based reconstruction; not exact recovery of the unpublished Balcik event table. Two-week period unresolved and out of R6-I historical source-layer scope.
AL091961,AL091961,HATTIE,1961,1961-10-26,1961-11-01,,H5,Very Strong,145,knots,NOAA_NHC_HURDAT2,NHC_HURDAT2_ATLANTIC_1851_2025_2026_02_27,header_line:27178,RECONSTRUCTED,SOURCE_SUPPORTED_COUNTRY_EVIDENCE,unique HURDAT storm retained when at least one canonical source-supported event-country row exists,Source-based reconstruction; not exact recovery of the unpublished Balcik event table. Two-week period unresolved and out of R6-I historical source-layer scope.
AL091963,AL091963,HELENA,1963,1963-10-25,1963-10-30,,TS_OR_LOWER,Mild,45,knots,NOAA_NHC_HURDAT2,NHC_HURDAT2_ATLANTIC_1851_2025_2026_02_27,header_line:27894,RECONSTRUCTED,SOURCE_SUPPORTED_COUNTRY_EVIDENCE,unique HURDAT storm retained when at least one canonical source-supported event-country row exists,Source-based reconstruction; not exact recovery of the unpublished Balcik event table. Two-week period unresolved and out of R6-I historical source-layer scope.
AL091966,AL091966,INEZ,1966,1966-09-21,1966-10-11,,H5,Very Strong,140,knots,NOAA_NHC_HURDAT2,NHC_HURDAT2_ATLANTIC_1851_2025_2026_02_27,header_line:29104,RECONSTRUCTED,SOURCE_SUPPORTED_COUNTRY_EVIDENCE,unique HURDAT storm retained when at least one canonical source-supported event-country row exists,Source-based reconstruction; not exact recovery of the unpublished Balcik event table. Two-week period unresolved and out of R6-I historical source-layer scope.
AL091969,AL091969,CAMILLE,1969,1969-08-14,1969-08-22,,H5,Very Strong,150,knots,NOAA_NHC_HURDAT2,NHC_HURDAT2_ATLANTIC_1851_2025_2026_02_27,header_line:30398,RECONSTRUCTED,SOURCE_SUPPORTED_COUNTRY_EVIDENCE,unique HURDAT storm retained when at least one canonical source-supported event-country row exists,Source-based reconstruction; not exact recovery of the unpublished Balcik event table. Two-week period unresolved and out of R6-I historical source-layer scope.
AL091970,AL091970,DOROTHY,1970,1970-08-18,1970-08-22,,TS_OR_LOWER,Mild,60,knots,NOAA_NHC_HURDAT2,NHC_HURDAT2_ATLANTIC_1851_2025_2026_02_27,header_line:31166,RECONSTRUCTED,SOURCE_SUPPORTED_COUNTRY_EVIDENCE,unique HURDAT storm retained when at least one canonical source-supported event-country row exists,Source-based reconstruction; not exact recovery of the unpublished Balcik event table. Two-week period unresolved and out of R6-I historical source-layer scope.
AL091979,AL091979,DAVID,1979,1979-08-25,1979-09-08,,H5,Very Strong,150,knots,NOAA_NHC_HURDAT2,NHC_HURDAT2_ATLANTIC_1851_2025_2026_02_27,header_line:35177,RECONSTRUCTED,SOURCE_SUPPORTED_COUNTRY_EVIDENCE,unique HURDAT storm retained when at least one canonical source-supported event-country row exists,Source-based reconstruction; not exact recovery of the unpublished Balcik event table. Two-week period unresolved and out of R6-I historical source-layer scope.
AL091991,AL091991,FABIAN,1991,1991-10-15,1991-10-17,,TS_OR_LOWER,Mild,40,knots,NOAA_NHC_HURDAT2,NHC_HURDAT2_ATLANTIC_1851_2025_2026_02_27,header_line:39911,RECONSTRUCTED,SOURCE_SUPPORTED_COUNTRY_EVIDENCE,unique HURDAT storm retained when at least one canonical source-supported event-country row exists,Source-based reconstruction; not exact recovery of the unpublished Balcik event table. Two-week period unresolved and out of R6-I historical source-layer scope.
AL092004,AL092004,IVAN,2004,2004-09-02,2004-09-24,,H5,Very Strong,145,knots,NOAA_NHC_HURDAT2,NHC_HURDAT2_ATLANTIC_1851_2025_2026_02_27,header_line:45618,RECONSTRUCTED,SOURCE_SUPPORTED_COUNTRY_EVIDENCE,unique HURDAT storm retained when at least one canonical source-supported event-country row exists,Source-based reconstruction; not exact recovery of the unpublished Balcik event table. Two-week period unresolved and out of R6-I historical source-layer scope.
AL092008,AL092008,IKE,2008,2008-09-01,2008-09-15,,H4,Very Strong,125,knots,NOAA_NHC_HURDAT2,NHC_HURDAT2_ATLANTIC_1851_2025_2026_02_27,header_line:48046,RECONSTRUCTED,SOURCE_SUPPORTED_COUNTRY_EVIDENCE,unique HURDAT storm retained when at least one canonical source-supported event-country row exists,Source-based reconstruction; not exact recovery of the unpublished Balcik event table. Two-week period unresolved and out of R6-I historical source-layer scope.
AL092011,AL092011,IRENE,2011,2011-08-21,2011-08-30,,H3,Strong,105,knots,NOAA_NHC_HURDAT2,NHC_HURDAT2_ATLANTIC_1851_2025_2026_02_27,header_line:49417,RECONSTRUCTED,SOURCE_SUPPORTED_COUNTRY_EVIDENCE,unique HURDAT storm retained when at least one canonical source-supported event-country row exists,Source-based reconstruction; not exact recovery of the unpublished Balcik event table. Two-week period unresolved and out of R6-I historical source-layer scope.
AL092012,AL092012,ISAAC,2012,2012-08-20,2012-09-01,,H1,Mild,70,knots,NOAA_NHC_HURDAT2,NHC_HURDAT2_ATLANTIC_1851_2025_2026_02_27,header_line:50076,RECONSTRUCTED,SOURCE_SUPPORTED_COUNTRY_EVIDENCE,unique HURDAT storm retained when at least one canonical source-supported event-country row exists,Source-based reconstruction; not exact recovery of the unpublished Balcik event table. Two-week period unresolved and out of R6-I historical source-layer scope.
AL092017,AL092017,HARVEY,2017,2017-08-16,2017-09-02,,H4,Very Strong,115,knots,NOAA_NHC_HURDAT2,NHC_HURDAT2_ATLANTIC_1851_2025_2026_02_27,header_line:52275,RECONSTRUCTED,SOURCE_SUPPORTED_COUNTRY_EVIDENCE,unique HURDAT storm retained when at least one canonical source-supported event-country row exists,Source-based reconstruction; not exact recovery of the unpublished Balcik event table. Two-week period unresolved and out of R6-I historical source-layer scope.
AL101951,AL101951,ITEM,1951,1951-10-12,1951-10-17,,TS_OR_LOWER,Mild,55,knots,NOAA_NHC_HURDAT2,NHC_HURDAT2_ATLANTIC_1851_2025_2026_02_27,header_line:23585,RECONSTRUCTED,SOURCE_SUPPORTED_COUNTRY_EVIDENCE,unique HURDAT storm retained when at least one canonical source-supported event-country row exists,Source-based reconstruction; not exact recovery of the unpublished Balcik event table. Two-week period unresolved and out of R6-I historical source-layer scope.
AL101952,AL101952,FOX,1952,1952-10-20,1952-10-28,,H4,Very Strong,125,knots,NOAA_NHC_HURDAT2,NHC_HURDAT2_ATLANTIC_1851_2025_2026_02_27,header_line:23925,RECONSTRUCTED,SOURCE_SUPPORTED_COUNTRY_EVIDENCE,unique HURDAT storm retained when at least one canonical source-supported event-country row exists,Source-based reconstruction; not exact recovery of the unpublished Balcik event table. Two-week period unresolved and out of R6-I historical source-layer scope.
AL101955,AL101955,JANET,1955,1955-09-21,1955-09-30,,H5,Very Strong,150,knots,NOAA_NHC_HURDAT2,NHC_HURDAT2_ATLANTIC_1851_2025_2026_02_27,header_line:25157,RECONSTRUCTED,SOURCE_SUPPORTED_COUNTRY_EVIDENCE,unique HURDAT storm retained when at least one canonical source-supported event-country row exists,Source-based reconstruction; not exact recovery of the unpublished Balcik event table. Two-week period unresolved and out of R6-I historical source-layer scope.
AL101958,AL101958,JANICE,1958,1958-10-04,1958-10-13,,H2,Mild,85,knots,NOAA_NHC_HURDAT2,NHC_HURDAT2_ATLANTIC_1851_2025_2026_02_27,header_line:26102,RECONSTRUCTED,SOURCE_SUPPORTED_COUNTRY_EVIDENCE,unique HURDAT storm retained when at least one canonical source-supported event-country row exists,Source-based reconstruction; not exact recovery of the unpublished Balcik event table. Two-week period unresolved and out of R6-I historical source-layer scope.
AL101963,AL101963,UNNAMED,1963,1963-06-01,1963-06-04,,TS_OR_LOWER,Mild,50,knots,NOAA_NHC_HURDAT2,NHC_HURDAT2_ATLANTIC_1851_2025_2026_02_27,header_line:27918,RECONSTRUCTED,SOURCE_SUPPORTED_COUNTRY_EVIDENCE,unique HURDAT storm retained when at least one canonical source-supported event-country row exists,Source-based reconstruction; not exact recovery of the unpublished Balcik event table. Two-week period unresolved and out of R6-I historical source-layer scope.
AL101966,AL101966,JUDITH,1966,1966-09-27,1966-09-30,,TS_OR_LOWER,Mild,40,knots,NOAA_NHC_HURDAT2,NHC_HURDAT2_ATLANTIC_1851_2025_2026_02_27,header_line:29193,RECONSTRUCTED,SOURCE_SUPPORTED_COUNTRY_EVIDENCE,unique HURDAT storm retained when at least one canonical source-supported event-country row exists,Source-based reconstruction; not exact recovery of the unpublished Balcik event table. Two-week period unresolved and out of R6-I historical source-layer scope.
AL101974,AL101974,CARMEN,1974,1974-08-29,1974-09-10,,H4,Very Strong,130,knots,NOAA_NHC_HURDAT2,NHC_HURDAT2_ATLANTIC_1851_2025_2026_02_27,header_line:33081,RECONSTRUCTED,SOURCE_SUPPORTED_COUNTRY_EVIDENCE,unique HURDAT storm retained when at least one canonical source-supported event-country row exists,Source-based reconstruction; not exact recovery of the unpublished Balcik event table. Two-week period unresolved and out of R6-I historical source-layer scope.
AL101977,AL101977,DOROTHY,1977,1977-09-26,1977-09-30,,H1,Mild,75,knots,NOAA_NHC_HURDAT2,NHC_HURDAT2_ATLANTIC_1851_2025_2026_02_27,header_line:34427,RECONSTRUCTED,SOURCE_SUPPORTED_COUNTRY_EVIDENCE,unique HURDAT storm retained when at least one canonical source-supported event-country row exists,Source-based reconstruction; not exact recovery of the unpublished Balcik event table. Two-week period unresolved and out of R6-I historical source-layer scope.
AL101995,AL101995,IRIS,1995,1995-08-22,1995-09-07,,H2,Mild,95,knots,NOAA_NHC_HURDAT2,NHC_HURDAT2_ATLANTIC_1851_2025_2026_02_27,header_line:41025,RECONSTRUCTED,SOURCE_SUPPORTED_COUNTRY_EVIDENCE,unique HURDAT storm retained when at least one canonical source-supported event-country row exists,Source-based reconstruction; not exact recovery of the unpublished Balcik event table. Two-week period unresolved and out of R6-I historical source-layer scope.
AL101999,AL101999,HARVEY,1999,1999-09-19,1999-09-22,,TS_OR_LOWER,Mild,50,knots,NOAA_NHC_HURDAT2,NHC_HURDAT2_ATLANTIC_1851_2025_2026_02_27,header_line:43149,RECONSTRUCTED,SOURCE_SUPPORTED_COUNTRY_EVIDENCE,unique HURDAT storm retained when at least one canonical source-supported event-country row exists,Source-based reconstruction; not exact recovery of the unpublished Balcik event table. Two-week period unresolved and out of R6-I historical source-layer scope.
AL102002,AL102002,ISIDORE,2002,2002-09-14,2002-09-27,,H3,Strong,110,knots,NOAA_NHC_HURDAT2,NHC_HURDAT2_ATLANTIC_1851_2025_2026_02_27,header_line:44496,RECONSTRUCTED,SOURCE_SUPPORTED_COUNTRY_EVIDENCE,unique HURDAT storm retained when at least one canonical source-supported event-country row exists,Source-based reconstruction; not exact recovery of the unpublished Balcik event table. Two-week period unresolved and out of R6-I historical source-layer scope.
AL102003,AL102003,FABIAN,2003,2003-08-27,2003-09-09,,H4,Very Strong,125,knots,NOAA_NHC_HURDAT2,NHC_HURDAT2_ATLANTIC_1851_2025_2026_02_27,header_line:44915,RECONSTRUCTED,SOURCE_SUPPORTED_COUNTRY_EVIDENCE,unique HURDAT storm retained when at least one canonical source-supported event-country row exists,Source-based reconstruction; not exact recovery of the unpublished Balcik event table. Two-week period unresolved and out of R6-I historical source-layer scope.
AL111950,AL111950,KING,1950,1950-10-13,1950-10-20,,H4,Very Strong,115,knots,NOAA_NHC_HURDAT2,NHC_HURDAT2_ATLANTIC_1851_2025_2026_02_27,header_line:23117,RECONSTRUCTED,SOURCE_SUPPORTED_COUNTRY_EVIDENCE,unique HURDAT storm retained when at least one canonical source-supported event-country row exists,Source-based reconstruction; not exact recovery of the unpublished Balcik event table. Two-week period unresolved and out of R6-I historical source-layer scope.
AL111959,AL111959,JUDITH,1959,1959-10-14,1959-10-22,,H1,Mild,75,knots,NOAA_NHC_HURDAT2,NHC_HURDAT2_ATLANTIC_1851_2025_2026_02_27,header_line:26433,RECONSTRUCTED,SOURCE_SUPPORTED_COUNTRY_EVIDENCE,unique HURDAT storm retained when at least one canonical source-supported event-country row exists,Source-based reconstruction; not exact recovery of the unpublished Balcik event table. Two-week period unresolved and out of R6-I historical source-layer scope.
AL111979,AL111979,FREDERIC,1979,1979-08-29,1979-09-15,,H4,Very Strong,115,knots,NOAA_NHC_HURDAT2,NHC_HURDAT2_ATLANTIC_1851_2025_2026_02_27,header_line:35247,RECONSTRUCTED,SOURCE_SUPPORTED_COUNTRY_EVIDENCE,unique HURDAT storm retained when at least one canonical source-supported event-country row exists,Source-based reconstruction; not exact recovery of the unpublished Balcik event table. Two-week period unresolved and out of R6-I historical source-layer scope.
AL111985,AL111985,ISABEL,1985,1985-10-07,1985-10-15,,TS_OR_LOWER,Mild,60,knots,NOAA_NHC_HURDAT2,NHC_HURDAT2_ATLANTIC_1851_2025_2026_02_27,header_line:37543,RECONSTRUCTED,SOURCE_SUPPORTED_COUNTRY_EVIDENCE,unique HURDAT storm retained when at least one canonical source-supported event-country row exists,Source-based reconstruction; not exact recovery of the unpublished Balcik event table. Two-week period unresolved and out of R6-I historical source-layer scope.
AL111988,AL111988,JOAN,1988,1988-10-10,1988-10-23,,H4,Very Strong,125,knots,NOAA_NHC_HURDAT2,NHC_HURDAT2_ATLANTIC_1851_2025_2026_02_27,header_line:38536,RECONSTRUCTED,SOURCE_SUPPORTED_COUNTRY_EVIDENCE,unique HURDAT storm retained when at least one canonical source-supported event-country row exists,Source-based reconstruction; not exact recovery of the unpublished Balcik event table. Two-week period unresolved and out of R6-I historical source-layer scope.
AL111989,AL111989,HUGO,1989,1989-09-10,1989-09-25,,H5,Very Strong,140,knots,NOAA_NHC_HURDAT2,NHC_HURDAT2_ATLANTIC_1851_2025_2026_02_27,header_line:39049,RECONSTRUCTED,SOURCE_SUPPORTED_COUNTRY_EVIDENCE,unique HURDAT storm retained when at least one canonical source-supported event-country row exists,Source-based reconstruction; not exact recovery of the unpublished Balcik event table. Two-week period unresolved and out of R6-I historical source-layer scope.
AL111991,AL111991,GRACE,1991,1991-10-25,1991-10-29,,H2,Mild,90,knots,NOAA_NHC_HURDAT2,NHC_HURDAT2_ATLANTIC_1851_2025_2026_02_27,header_line:39929,RECONSTRUCTED,SOURCE_SUPPORTED_COUNTRY_EVIDENCE,unique HURDAT storm retained when at least one canonical source-supported event-country row exists,Source-based reconstruction; not exact recovery of the unpublished Balcik event table. Two-week period unresolved and out of R6-I historical source-layer scope.
AL111995,AL111995,JERRY,1995,1995-08-22,1995-08-28,,TS_OR_LOWER,Mild,35,knots,NOAA_NHC_HURDAT2,NHC_HURDAT2_ATLANTIC_1851_2025_2026_02_27,header_line:41092,RECONSTRUCTED,SOURCE_SUPPORTED_COUNTRY_EVIDENCE,unique HURDAT storm retained when at least one canonical source-supported event-country row exists,Source-based reconstruction; not exact recovery of the unpublished Balcik event table. Two-week period unresolved and out of R6-I historical source-layer scope.
AL112001,AL112001,IRIS,2001,2001-10-04,2001-10-09,,H4,Very Strong,125,knots,NOAA_NHC_HURDAT2,NHC_HURDAT2_ATLANTIC_1851_2025_2026_02_27,header_line:44141,RECONSTRUCTED,SOURCE_SUPPORTED_COUNTRY_EVIDENCE,unique HURDAT storm retained when at least one canonical source-supported event-country row exists,Source-based reconstruction; not exact recovery of the unpublished Balcik event table. Two-week period unresolved and out of R6-I historical source-layer scope.
AL112004,AL112004,JEANNE,2004,2004-09-13,2004-09-29,,H3,Strong,105,knots,NOAA_NHC_HURDAT2,NHC_HURDAT2_ATLANTIC_1851_2025_2026_02_27,header_line:45727,RECONSTRUCTED,SOURCE_SUPPORTED_COUNTRY_EVIDENCE,unique HURDAT storm retained when at least one canonical source-supported event-country row exists,Source-based reconstruction; not exact recovery of the unpublished Balcik event table. Two-week period unresolved and out of R6-I historical source-layer scope.
AL112010,AL112010,IGOR,2010,2010-09-08,2010-09-23,,H4,Very Strong,135,knots,NOAA_NHC_HURDAT2,NHC_HURDAT2_ATLANTIC_1851_2025_2026_02_27,header_line:48894,RECONSTRUCTED,SOURCE_SUPPORTED_COUNTRY_EVIDENCE,unique HURDAT storm retained when at least one canonical source-supported event-country row exists,Source-based reconstruction; not exact recovery of the unpublished Balcik event table. Two-week period unresolved and out of R6-I historical source-layer scope.
AL112011,AL112011,JOSE,2011,2011-08-26,2011-08-29,,TS_OR_LOWER,Mild,40,knots,NOAA_NHC_HURDAT2,NHC_HURDAT2_ATLANTIC_1851_2025_2026_02_27,header_line:49471,RECONSTRUCTED,SOURCE_SUPPORTED_COUNTRY_EVIDENCE,unique HURDAT storm retained when at least one canonical source-supported event-country row exists,Source-based reconstruction; not exact recovery of the unpublished Balcik event table. Two-week period unresolved and out of R6-I historical source-layer scope.
AL112015,AL112015,JOAQUIN,2015,2015-09-26,2015-10-15,,H4,Very Strong,135,knots,NOAA_NHC_HURDAT2,NHC_HURDAT2_ATLANTIC_1851_2025_2026_02_27,header_line:51438,RECONSTRUCTED,SOURCE_SUPPORTED_COUNTRY_EVIDENCE,unique HURDAT storm retained when at least one canonical source-supported event-country row exists,Source-based reconstruction; not exact recovery of the unpublished Balcik event table. Two-week period unresolved and out of R6-I historical source-layer scope.
AL112017,AL112017,IRMA,2017,2017-08-30,2017-09-13,,H5,Very Strong,155,knots,NOAA_NHC_HURDAT2,NHC_HURDAT2_ATLANTIC_1851_2025_2026_02_27,header_line:52350,RECONSTRUCTED,SOURCE_SUPPORTED_COUNTRY_EVIDENCE,unique HURDAT storm retained when at least one canonical source-supported event-country row exists,Source-based reconstruction; not exact recovery of the unpublished Balcik event table. Two-week period unresolved and out of R6-I historical source-layer scope.
AL121987,AL121987,EMILY,1987,1987-09-20,1987-09-26,,H3,Strong,110,knots,NOAA_NHC_HURDAT2,NHC_HURDAT2_ATLANTIC_1851_2025_2026_02_27,header_line:38211,RECONSTRUCTED,SOURCE_SUPPORTED_COUNTRY_EVIDENCE,unique HURDAT storm retained when at least one canonical source-supported event-country row exists,Source-based reconstruction; not exact recovery of the unpublished Balcik event table. Two-week period unresolved and out of R6-I historical source-layer scope.
AL121994,AL121994,GORDON,1994,1994-11-08,1994-11-21,,H1,Mild,75,knots,NOAA_NHC_HURDAT2,NHC_HURDAT2_ATLANTIC_1851_2025_2026_02_27,header_line:40674,RECONSTRUCTED,SOURCE_SUPPORTED_COUNTRY_EVIDENCE,unique HURDAT storm retained when at least one canonical source-supported event-country row exists,Source-based reconstruction; not exact recovery of the unpublished Balcik event table. Two-week period unresolved and out of R6-I historical source-layer scope.
AL121996,AL121996,LILI,1996,1996-10-14,1996-10-29,,H3,Strong,100,knots,NOAA_NHC_HURDAT2,NHC_HURDAT2_ATLANTIC_1851_2025_2026_02_27,header_line:41958,RECONSTRUCTED,SOURCE_SUPPORTED_COUNTRY_EVIDENCE,unique HURDAT storm retained when at least one canonical source-supported event-country row exists,Source-based reconstruction; not exact recovery of the unpublished Balcik event table. Two-week period unresolved and out of R6-I historical source-layer scope.
AL122001,AL122001,JERRY,2001,2001-10-06,2001-10-08,,TS_OR_LOWER,Mild,45,knots,NOAA_NHC_HURDAT2,NHC_HURDAT2_ATLANTIC_1851_2025_2026_02_27,header_line:44164,RECONSTRUCTED,SOURCE_SUPPORTED_COUNTRY_EVIDENCE,unique HURDAT storm retained when at least one canonical source-supported event-country row exists,Source-based reconstruction; not exact recovery of the unpublished Balcik event table. Two-week period unresolved and out of R6-I historical source-layer scope.
AL122005,AL122005,KATRINA,2005,2005-08-23,2005-08-31,,H5,Very Strong,150,knots,NOAA_NHC_HURDAT2,NHC_HURDAT2_ATLANTIC_1851_2025_2026_02_27,header_line:46323,RECONSTRUCTED,SOURCE_SUPPORTED_COUNTRY_EVIDENCE,unique HURDAT storm retained when at least one canonical source-supported event-country row exists,Source-based reconstruction; not exact recovery of the unpublished Balcik event table. Two-week period unresolved and out of R6-I historical source-layer scope.
AL122015,AL122015,KATE,2015,2015-11-08,2015-11-13,,H1,Mild,75,knots,NOAA_NHC_HURDAT2,NHC_HURDAT2_ATLANTIC_1851_2025_2026_02_27,header_line:51515,RECONSTRUCTED,SOURCE_SUPPORTED_COUNTRY_EVIDENCE,unique HURDAT storm retained when at least one canonical source-supported event-country row exists,Source-based reconstruction; not exact recovery of the unpublished Balcik event table. Two-week period unresolved and out of R6-I historical source-layer scope.
AL122016,AL122016,KARL,2016,2016-09-12,2016-09-26,,TS_OR_LOWER,Mild,60,knots,NOAA_NHC_HURDAT2,NHC_HURDAT2_ATLANTIC_1851_2025_2026_02_27,header_line:51898,RECONSTRUCTED,SOURCE_SUPPORTED_COUNTRY_EVIDENCE,unique HURDAT storm retained when at least one canonical source-supported event-country row exists,Source-based reconstruction; not exact recovery of the unpublished Balcik event table. Two-week period unresolved and out of R6-I historical source-layer scope.
AL122017,AL122017,JOSE,2017,2017-09-04,2017-09-25,,H4,Very Strong,135,knots,NOAA_NHC_HURDAT2,NHC_HURDAT2_ATLANTIC_1851_2025_2026_02_27,header_line:52417,RECONSTRUCTED,SOURCE_SUPPORTED_COUNTRY_EVIDENCE,unique HURDAT storm retained when at least one canonical source-supported event-country row exists,Source-based reconstruction; not exact recovery of the unpublished Balcik event table. Two-week period unresolved and out of R6-I historical source-layer scope.
AL131955,AL131955,KATIE,1955,1955-10-14,1955-10-19,,H2,Mild,95,knots,NOAA_NHC_HURDAT2,NHC_HURDAT2_ATLANTIC_1851_2025_2026_02_27,header_line:25240,RECONSTRUCTED,SOURCE_SUPPORTED_COUNTRY_EVIDENCE,unique HURDAT storm retained when at least one canonical source-supported event-country row exists,Source-based reconstruction; not exact recovery of the unpublished Balcik event table. Two-week period unresolved and out of R6-I historical source-layer scope.
AL131967,AL131967,BEULAH,1967,1967-09-05,1967-09-24,,H5,Very Strong,140,knots,NOAA_NHC_HURDAT2,NHC_HURDAT2_ATLANTIC_1851_2025_2026_02_27,header_line:29525,RECONSTRUCTED,SOURCE_SUPPORTED_COUNTRY_EVIDENCE,unique HURDAT storm retained when at least one canonical source-supported event-country row exists,Source-based reconstruction; not exact recovery of the unpublished Balcik event table. Two-week period unresolved and out of R6-I historical source-layer scope.
AL131971,AL131971,EDITH,1971,1971-09-05,1971-09-18,,H5,Very Strong,140,knots,NOAA_NHC_HURDAT2,NHC_HURDAT2_ATLANTIC_1851_2025_2026_02_27,header_line:31824,RECONSTRUCTED,SOURCE_SUPPORTED_COUNTRY_EVIDENCE,unique HURDAT storm retained when at least one canonical source-supported event-country row exists,Source-based reconstruction; not exact recovery of the unpublished Balcik event table. Two-week period unresolved and out of R6-I historical source-layer scope.
AL131972,AL131972,DAWN,1972,1972-09-05,1972-09-14,,H1,Mild,70,knots,NOAA_NHC_HURDAT2,NHC_HURDAT2_ATLANTIC_1851_2025_2026_02_27,header_line:32422,RECONSTRUCTED,SOURCE_SUPPORTED_COUNTRY_EVIDENCE,unique HURDAT storm retained when at least one canonical source-supported event-country row exists,Source-based reconstruction; not exact recovery of the unpublished Balcik event table. Two-week period unresolved and out of R6-I historical source-layer scope.
AL131975,AL131975,ELOISE,1975,1975-09-13,1975-09-24,,H3,Strong,110,knots,NOAA_NHC_HURDAT2,NHC_HURDAT2_ATLANTIC_1851_2025_2026_02_27,header_line:33582,RECONSTRUCTED,SOURCE_SUPPORTED_COUNTRY_EVIDENCE,unique HURDAT storm retained when at least one canonical source-supported event-country row exists,Source-based reconstruction; not exact recovery of the unpublished Balcik event table. Two-week period unresolved and out of R6-I historical source-layer scope.
AL131977,AL131977,EVELYN,1977,1977-10-13,1977-10-16,,H1,Mild,70,knots,NOAA_NHC_HURDAT2,NHC_HURDAT2_ATLANTIC_1851_2025_2026_02_27,header_line:34463,RECONSTRUCTED,SOURCE_SUPPORTED_COUNTRY_EVIDENCE,unique HURDAT storm retained when at least one canonical source-supported event-country row exists,Source-based reconstruction; not exact recovery of the unpublished Balcik event table. Two-week period unresolved and out of R6-I historical source-layer scope.
AL131980,AL131980,HERMINE,1980,1980-09-20,1980-09-26,,TS_OR_LOWER,Mild,60,knots,NOAA_NHC_HURDAT2,NHC_HURDAT2_ATLANTIC_1851_2025_2026_02_27,header_line:35858,RECONSTRUCTED,SOURCE_SUPPORTED_COUNTRY_EVIDENCE,unique HURDAT storm retained when at least one canonical source-supported event-country row exists,Source-based reconstruction; not exact recovery of the unpublished Balcik event table. Two-week period unresolved and out of R6-I historical source-layer scope.
AL131981,AL131981,EMILY,1981,1981-08-31,1981-09-12,,H1,Mild,80,knots,NOAA_NHC_HURDAT2,NHC_HURDAT2_ATLANTIC_1851_2025_2026_02_27,header_line:36197,RECONSTRUCTED,SOURCE_SUPPORTED_COUNTRY_EVIDENCE,unique HURDAT storm retained when at least one canonical source-supported event-country row exists,Source-based reconstruction; not exact recovery of the unpublished Balcik event table. Two-week period unresolved and out of R6-I historical source-layer scope.
AL131984,AL131984,GUSTAV,1984,1984-09-16,1984-09-19,,TS_OR_LOWER,Mild,45,knots,NOAA_NHC_HURDAT2,NHC_HURDAT2_ATLANTIC_1851_2025_2026_02_27,header_line:37015,RECONSTRUCTED,SOURCE_SUPPORTED_COUNTRY_EVIDENCE,unique HURDAT storm retained when at least one canonical source-supported event-country row exists,Source-based reconstruction; not exact recovery of the unpublished Balcik event table. Two-week period unresolved and out of R6-I historical source-layer scope.
AL131985,AL131985,KATE,1985,1985-11-15,1985-11-23,,H3,Strong,105,knots,NOAA_NHC_HURDAT2,NHC_HURDAT2_ATLANTIC_1851_2025_2026_02_27,header_line:37610,RECONSTRUCTED,SOURCE_SUPPORTED_COUNTRY_EVIDENCE,unique HURDAT storm retained when at least one canonical source-supported event-country row exists,Source-based reconstruction; not exact recovery of the unpublished Balcik event table. Two-week period unresolved and out of R6-I historical source-layer scope.
AL131987,AL131987,FLOYD,1987,1987-10-09,1987-10-14,,H1,Mild,65,knots,NOAA_NHC_HURDAT2,NHC_HURDAT2_ATLANTIC_1851_2025_2026_02_27,header_line:38242,RECONSTRUCTED,SOURCE_SUPPORTED_COUNTRY_EVIDENCE,unique HURDAT storm retained when at least one canonical source-supported event-country row exists,Source-based reconstruction; not exact recovery of the unpublished Balcik event table. Two-week period unresolved and out of R6-I historical source-layer scope.
AL131990,AL131990,KLAUS,1990,1990-10-03,1990-10-09,,H1,Mild,70,knots,NOAA_NHC_HURDAT2,NHC_HURDAT2_ATLANTIC_1851_2025_2026_02_27,header_line:39610,RECONSTRUCTED,SOURCE_SUPPORTED_COUNTRY_EVIDENCE,unique HURDAT storm retained when at least one canonical source-supported event-country row exists,Source-based reconstruction; not exact recovery of the unpublished Balcik event table. Two-week period unresolved and out of R6-I historical source-layer scope.
AL131995,AL131995,LUIS,1995,1995-08-28,1995-09-12,,H4,Very Strong,130,knots,NOAA_NHC_HURDAT2,NHC_HURDAT2_ATLANTIC_1851_2025_2026_02_27,header_line:41147,RECONSTRUCTED,SOURCE_SUPPORTED_COUNTRY_EVIDENCE,unique HURDAT storm retained when at least one canonical source-supported event-country row exists,Source-based reconstruction; not exact recovery of the unpublished Balcik event table. Two-week period unresolved and out of R6-I historical source-layer scope.
AL131996,AL131996,MARCO,1996,1996-11-13,1996-11-26,,H1,Mild,65,knots,NOAA_NHC_HURDAT2,NHC_HURDAT2_ATLANTIC_1851_2025_2026_02_27,header_line:42019,RECONSTRUCTED,SOURCE_SUPPORTED_COUNTRY_EVIDENCE,unique HURDAT storm retained when at least one canonical source-supported event-country row exists,Source-based reconstruction; not exact recovery of the unpublished Balcik event table. Two-week period unresolved and out of R6-I historical source-layer scope.
AL131998,AL131998,MITCH,1998,1998-10-22,1998-11-09,,H5,Very Strong,155,knots,NOAA_NHC_HURDAT2,NHC_HURDAT2_ATLANTIC_1851_2025_2026_02_27,header_line:42727,RECONSTRUCTED,SOURCE_SUPPORTED_COUNTRY_EVIDENCE,unique HURDAT storm retained when at least one canonical source-supported event-country row exists,Source-based reconstruction; not exact recovery of the unpublished Balcik event table. Two-week period unresolved and out of R6-I historical source-layer scope.
AL131999,AL131999,IRENE,1999,1999-10-12,1999-10-19,,H2,Mild,95,knots,NOAA_NHC_HURDAT2,NHC_HURDAT2_ATLANTIC_1851_2025_2026_02_27,header_line:43188,RECONSTRUCTED,SOURCE_SUPPORTED_COUNTRY_EVIDENCE,unique HURDAT storm retained when at least one canonical source-supported event-country row exists,Source-based reconstruction; not exact recovery of the unpublished Balcik event table. Two-week period unresolved and out of R6-I historical source-layer scope.
AL132001,AL132001,KAREN,2001,2001-10-11,2001-10-15,,H1,Mild,70,knots,NOAA_NHC_HURDAT2,NHC_HURDAT2_ATLANTIC_1851_2025_2026_02_27,header_line:44175,RECONSTRUCTED,SOURCE_SUPPORTED_COUNTRY_EVIDENCE,unique HURDAT storm retained when at least one canonical source-supported event-country row exists,Source-based reconstruction; not exact recovery of the unpublished Balcik event table. Two-week period unresolved and out of R6-I historical source-layer scope.
AL132002,AL132002,LILI,2002,2002-09-21,2002-10-04,,H4,Very Strong,125,knots,NOAA_NHC_HURDAT2,NHC_HURDAT2_ATLANTIC_1851_2025_2026_02_27,header_line:44653,RECONSTRUCTED,SOURCE_SUPPORTED_COUNTRY_EVIDENCE,unique HURDAT storm retained when at least one canonical source-supported event-country row exists,Source-based reconstruction; not exact recovery of the unpublished Balcik event table. Two-week period unresolved and out of R6-I historical source-layer scope.
AL132010,AL132010,KARL,2010,2010-09-13,2010-09-18,,H3,Strong,110,knots,NOAA_NHC_HURDAT2,NHC_HURDAT2_ATLANTIC_1851_2025_2026_02_27,header_line:49008,RECONSTRUCTED,SOURCE_SUPPORTED_COUNTRY_EVIDENCE,unique HURDAT storm retained when at least one canonical source-supported event-country row exists,Source-based reconstruction; not exact recovery of the unpublished Balcik event table. Two-week period unresolved and out of R6-I historical source-layer scope.
AL141954,AL141954,HAZEL,1954,1954-10-05,1954-10-18,,H4,Very Strong,115,knots,NOAA_NHC_HURDAT2,NHC_HURDAT2_ATLANTIC_1851_2025_2026_02_27,header_line:24682,RECONSTRUCTED,SOURCE_SUPPORTED_COUNTRY_EVIDENCE,unique HURDAT storm retained when at least one canonical source-supported event-country row exists,Source-based reconstruction; not exact recovery of the unpublished Balcik event table. Two-week period unresolved and out of R6-I historical source-layer scope.
AL141974,AL141974,FIFI,1974,1974-09-14,1974-09-22,,H2,Mild,95,knots,NOAA_NHC_HURDAT2,NHC_HURDAT2_ATLANTIC_1851_2025_2026_02_27,header_line:33221,RECONSTRUCTED,SOURCE_SUPPORTED_COUNTRY_EVIDENCE,unique HURDAT storm retained when at least one canonical source-supported event-country row exists,Source-based reconstruction; not exact recovery of the unpublished Balcik event table. Two-week period unresolved and out of R6-I historical source-layer scope.
AL141975,AL141975,FAYE,1975,1975-09-18,1975-09-29,,H2,Mild,90,knots,NOAA_NHC_HURDAT2,NHC_HURDAT2_ATLANTIC_1851_2025_2026_02_27,header_line:33630,RECONSTRUCTED,SOURCE_SUPPORTED_COUNTRY_EVIDENCE,unique HURDAT storm retained when at least one canonical source-supported event-country row exists,Source-based reconstruction; not exact recovery of the unpublished Balcik event table. Two-week period unresolved and out of R6-I historical source-layer scope.
AL141981,AL141981,FLOYD,1981,1981-09-03,1981-09-12,,H3,Strong,100,knots,NOAA_NHC_HURDAT2,NHC_HURDAT2_ATLANTIC_1851_2025_2026_02_27,header_line:36245,RECONSTRUCTED,SOURCE_SUPPORTED_COUNTRY_EVIDENCE,unique HURDAT storm retained when at least one canonical source-supported event-country row exists,Source-based reconstruction; not exact recovery of the unpublished Balcik event table. Two-week period unresolved and out of R6-I historical source-layer scope.
AL141984,AL141984,HORTENSE,1984,1984-09-23,1984-10-02,,H1,Mild,65,knots,NOAA_NHC_HURDAT2,NHC_HURDAT2_ATLANTIC_1851_2025_2026_02_27,header_line:37027,RECONSTRUCTED,SOURCE_SUPPORTED_COUNTRY_EVIDENCE,unique HURDAT storm retained when at least one canonical source-supported event-country row exists,Source-based reconstruction; not exact recovery of the unpublished Balcik event table. Two-week period unresolved and out of R6-I historical source-layer scope.
AL141999,AL141999,JOSE,1999,1999-10-17,1999-10-25,,H2,Mild,85,knots,NOAA_NHC_HURDAT2,NHC_HURDAT2_ATLANTIC_1851_2025_2026_02_27,header_line:43223,RECONSTRUCTED,SOURCE_SUPPORTED_COUNTRY_EVIDENCE,unique HURDAT storm retained when at least one canonical source-supported event-country row exists,Source-based reconstruction; not exact recovery of the unpublished Balcik event table. Two-week period unresolved and out of R6-I historical source-layer scope.
AL142000,AL142000,JOYCE,2000,2000-09-25,2000-10-02,,H1,Mild,80,knots,NOAA_NHC_HURDAT2,NHC_HURDAT2_ATLANTIC_1851_2025_2026_02_27,header_line:43653,RECONSTRUCTED,SOURCE_SUPPORTED_COUNTRY_EVIDENCE,unique HURDAT storm retained when at least one canonical source-supported event-country row exists,Source-based reconstruction; not exact recovery of the unpublished Balcik event table. Two-week period unresolved and out of R6-I historical source-layer scope.
AL142011,AL142011,MARIA,2011,2011-09-06,2011-09-16,,H1,Mild,70,knots,NOAA_NHC_HURDAT2,NHC_HURDAT2_ATLANTIC_1851_2025_2026_02_27,header_line:49588,RECONSTRUCTED,SOURCE_SUPPORTED_COUNTRY_EVIDENCE,unique HURDAT storm retained when at least one canonical source-supported event-country row exists,Source-based reconstruction; not exact recovery of the unpublished Balcik event table. Two-week period unresolved and out of R6-I historical source-layer scope.
AL142016,AL142016,MATTHEW,2016,2016-09-28,2016-10-10,,H5,Very Strong,145,knots,NOAA_NHC_HURDAT2,NHC_HURDAT2_ATLANTIC_1851_2025_2026_02_27,header_line:51984,RECONSTRUCTED,SOURCE_SUPPORTED_COUNTRY_EVIDENCE,unique HURDAT storm retained when at least one canonical source-supported event-country row exists,Source-based reconstruction; not exact recovery of the unpublished Balcik event table. Two-week period unresolved and out of R6-I historical source-layer scope.
AL151978,AL151978,HOPE,1978,1978-09-12,1978-09-21,,TS_OR_LOWER,Mild,55,knots,NOAA_NHC_HURDAT2,NHC_HURDAT2_ATLANTIC_1851_2025_2026_02_27,header_line:34745,RECONSTRUCTED,SOURCE_SUPPORTED_COUNTRY_EVIDENCE,unique HURDAT storm retained when at least one canonical source-supported event-country row exists,Source-based reconstruction; not exact recovery of the unpublished Balcik event table. Two-week period unresolved and out of R6-I historical source-layer scope.
AL151981,AL151981,GERT,1981,1981-09-07,1981-09-15,,H2,Mild,90,knots,NOAA_NHC_HURDAT2,NHC_HURDAT2_ATLANTIC_1851_2025_2026_02_27,header_line:36283,RECONSTRUCTED,SOURCE_SUPPORTED_COUNTRY_EVIDENCE,unique HURDAT storm retained when at least one canonical source-supported event-country row exists,Source-based reconstruction; not exact recovery of the unpublished Balcik event table. Two-week period unresolved and out of R6-I historical source-layer scope.
AL151984,AL151984,ISIDORE,1984,1984-09-25,1984-10-01,,TS_OR_LOWER,Mild,50,knots,NOAA_NHC_HURDAT2,NHC_HURDAT2_ATLANTIC_1851_2025_2026_02_27,header_line:37068,RECONSTRUCTED,SOURCE_SUPPORTED_COUNTRY_EVIDENCE,unique HURDAT storm retained when at least one canonical source-supported event-country row exists,Source-based reconstruction; not exact recovery of the unpublished Balcik event table. Two-week period unresolved and out of R6-I historical source-layer scope.
AL151995,AL151995,MARILYN,1995,1995-09-12,1995-10-01,,H3,Strong,100,knots,NOAA_NHC_HURDAT2,NHC_HURDAT2_ATLANTIC_1851_2025_2026_02_27,header_line:41227,RECONSTRUCTED,SOURCE_SUPPORTED_COUNTRY_EVIDENCE,unique HURDAT storm retained when at least one canonical source-supported event-country row exists,Source-based reconstruction; not exact recovery of the unpublished Balcik event table. Two-week period unresolved and out of R6-I historical source-layer scope.
AL152000,AL152000,KEITH,2000,2000-09-28,2000-10-06,,H4,Very Strong,120,knots,NOAA_NHC_HURDAT2,NHC_HURDAT2_ATLANTIC_1851_2025_2026_02_27,header_line:43682,RECONSTRUCTED,SOURCE_SUPPORTED_COUNTRY_EVIDENCE,unique HURDAT storm retained when at least one canonical source-supported event-country row exists,Source-based reconstruction; not exact recovery of the unpublished Balcik event table. Two-week period unresolved and out of R6-I historical source-layer scope.
AL152001,AL152001,MICHELLE,2001,2001-10-29,2001-11-06,,H4,Very Strong,120,knots,NOAA_NHC_HURDAT2,NHC_HURDAT2_ATLANTIC_1851_2025_2026_02_27,header_line:44212,RECONSTRUCTED,SOURCE_SUPPORTED_COUNTRY_EVIDENCE,unique HURDAT storm retained when at least one canonical source-supported event-country row exists,Source-based reconstruction; not exact recovery of the unpublished Balcik event table. Two-week period unresolved and out of R6-I historical source-layer scope.
AL152004,AL152004,NICOLE,2004,2004-10-10,2004-10-11,,TS_OR_LOWER,Mild,45,knots,NOAA_NHC_HURDAT2,NHC_HURDAT2_ATLANTIC_1851_2025_2026_02_27,header_line:45916,RECONSTRUCTED,SOURCE_SUPPORTED_COUNTRY_EVIDENCE,unique HURDAT storm retained when at least one canonical source-supported event-country row exists,Source-based reconstruction; not exact recovery of the unpublished Balcik event table. Two-week period unresolved and out of R6-I historical source-layer scope.
AL152008,AL152008,OMAR,2008,2008-10-13,2008-10-21,,H4,Very Strong,115,knots,NOAA_NHC_HURDAT2,NHC_HURDAT2_ATLANTIC_1851_2025_2026_02_27,header_line:48226,RECONSTRUCTED,SOURCE_SUPPORTED_COUNTRY_EVIDENCE,unique HURDAT storm retained when at least one canonical source-supported event-country row exists,Source-based reconstruction; not exact recovery of the unpublished Balcik event table. Two-week period unresolved and out of R6-I historical source-layer scope.
AL152010,AL152010,MATTHEW,2010,2010-09-23,2010-09-26,,TS_OR_LOWER,Mild,50,knots,NOAA_NHC_HURDAT2,NHC_HURDAT2_ATLANTIC_1851_2025_2026_02_27,header_line:49070,RECONSTRUCTED,SOURCE_SUPPORTED_COUNTRY_EVIDENCE,unique HURDAT storm retained when at least one canonical source-supported event-country row exists,Source-based reconstruction; not exact recovery of the unpublished Balcik event table. Two-week period unresolved and out of R6-I historical source-layer scope.
AL152016,AL152016,NICOLE,2016,2016-10-04,2016-10-19,,H4,Very Strong,120,knots,NOAA_NHC_HURDAT2,NHC_HURDAT2_ATLANTIC_1851_2025_2026_02_27,header_line:52035,RECONSTRUCTED,SOURCE_SUPPORTED_COUNTRY_EVIDENCE,unique HURDAT storm retained when at least one canonical source-supported event-country row exists,Source-based reconstruction; not exact recovery of the unpublished Balcik event table. Two-week period unresolved and out of R6-I historical source-layer scope.
AL152017,AL152017,MARIA,2017,2017-09-16,2017-10-02,,H5,Very Strong,150,knots,NOAA_NHC_HURDAT2,NHC_HURDAT2_ATLANTIC_1851_2025_2026_02_27,header_line:52586,RECONSTRUCTED,SOURCE_SUPPORTED_COUNTRY_EVIDENCE,unique HURDAT storm retained when at least one canonical source-supported event-country row exists,Source-based reconstruction; not exact recovery of the unpublished Balcik event table. Two-week period unresolved and out of R6-I historical source-layer scope.
AL161970,AL161970,GRETA,1970,1970-09-26,1970-10-04,,TS_OR_LOWER,Mild,40,knots,NOAA_NHC_HURDAT2,NHC_HURDAT2_ATLANTIC_1851_2025_2026_02_27,header_line:31399,RECONSTRUCTED,SOURCE_SUPPORTED_COUNTRY_EVIDENCE,unique HURDAT storm retained when at least one canonical source-supported event-country row exists,Source-based reconstruction; not exact recovery of the unpublished Balcik event table. Two-week period unresolved and out of R6-I historical source-layer scope.
AL161973,AL161973,GILDA,1973,1973-10-16,1973-10-30,,TS_OR_LOWER,Mild,60,knots,NOAA_NHC_HURDAT2,NHC_HURDAT2_ATLANTIC_1851_2025_2026_02_27,header_line:32870,RECONSTRUCTED,SOURCE_SUPPORTED_COUNTRY_EVIDENCE,unique HURDAT storm retained when at least one canonical source-supported event-country row exists,Source-based reconstruction; not exact recovery of the unpublished Balcik event table. Two-week period unresolved and out of R6-I historical source-layer scope.
AL161978,AL161978,GRETA,1978,1978-09-13,1978-09-20,,H4,Very Strong,115,knots,NOAA_NHC_HURDAT2,NHC_HURDAT2_ATLANTIC_1851_2025_2026_02_27,header_line:34785,RECONSTRUCTED,SOURCE_SUPPORTED_COUNTRY_EVIDENCE,unique HURDAT storm retained when at least one canonical source-supported event-country row exists,Source-based reconstruction; not exact recovery of the unpublished Balcik event table. Two-week period unresolved and out of R6-I historical source-layer scope.
AL161999,AL161999,LENNY,1999,1999-11-13,1999-11-23,,H4,Very Strong,135,knots,NOAA_NHC_HURDAT2,NHC_HURDAT2_ATLANTIC_1851_2025_2026_02_27,header_line:43275,RECONSTRUCTED,SOURCE_SUPPORTED_COUNTRY_EVIDENCE,unique HURDAT storm retained when at least one canonical source-supported event-country row exists,Source-based reconstruction; not exact recovery of the unpublished Balcik event table. Two-week period unresolved and out of R6-I historical source-layer scope.
AL162007,AL162007,NOEL,2007,2007-10-24,2007-11-06,,H1,Mild,75,knots,NOAA_NHC_HURDAT2,NHC_HURDAT2_ATLANTIC_1851_2025_2026_02_27,header_line:47649,RECONSTRUCTED,SOURCE_SUPPORTED_COUNTRY_EVIDENCE,unique HURDAT storm retained when at least one canonical source-supported event-country row exists,Source-based reconstruction; not exact recovery of the unpublished Balcik event table. Two-week period unresolved and out of R6-I historical source-layer scope.
AL162010,AL162010,NICOLE,2010,2010-09-28,2010-09-30,,TS_OR_LOWER,Mild,40,knots,NOAA_NHC_HURDAT2,NHC_HURDAT2_ATLANTIC_1851_2025_2026_02_27,header_line:49087,RECONSTRUCTED,SOURCE_SUPPORTED_COUNTRY_EVIDENCE,unique HURDAT storm retained when at least one canonical source-supported event-country row exists,Source-based reconstruction; not exact recovery of the unpublished Balcik event table. Two-week period unresolved and out of R6-I historical source-layer scope.
AL171974,AL171974,GERTRUDE,1974,1974-09-27,1974-10-04,,H1,Mild,65,knots,NOAA_NHC_HURDAT2,NHC_HURDAT2_ATLANTIC_1851_2025_2026_02_27,header_line:33284,RECONSTRUCTED,SOURCE_SUPPORTED_COUNTRY_EVIDENCE,unique HURDAT storm retained when at least one canonical source-supported event-country row exists,Source-based reconstruction; not exact recovery of the unpublished Balcik event table. Two-week period unresolved and out of R6-I historical source-layer scope.
AL172007,AL172007,OLGA,2007,2007-12-10,2007-12-16,,TS_OR_LOWER,Mild,50,knots,NOAA_NHC_HURDAT2,NHC_HURDAT2_ATLANTIC_1851_2025_2026_02_27,header_line:47706,RECONSTRUCTED,SOURCE_SUPPORTED_COUNTRY_EVIDENCE,unique HURDAT storm retained when at least one canonical source-supported event-country row exists,Source-based reconstruction; not exact recovery of the unpublished Balcik event table. Two-week period unresolved and out of R6-I historical source-layer scope.
AL172008,AL172008,PALOMA,2008,2008-11-05,2008-11-14,,H4,Very Strong,125,knots,NOAA_NHC_HURDAT2,NHC_HURDAT2_ATLANTIC_1851_2025_2026_02_27,header_line:48268,RECONSTRUCTED,SOURCE_SUPPORTED_COUNTRY_EVIDENCE,unique HURDAT storm retained when at least one canonical source-supported event-country row exists,Source-based reconstruction; not exact recovery of the unpublished Balcik event table. Two-week period unresolved and out of R6-I historical source-layer scope.
AL172012,AL172012,RAFAEL,2012,2012-10-12,2012-10-26,,H1,Mild,80,knots,NOAA_NHC_HURDAT2,NHC_HURDAT2_ATLANTIC_1851_2025_2026_02_27,header_line:50391,RECONSTRUCTED,SOURCE_SUPPORTED_COUNTRY_EVIDENCE,unique HURDAT storm retained when at least one canonical source-supported event-country row exists,Source-based reconstruction; not exact recovery of the unpublished Balcik event table. Two-week period unresolved and out of R6-I historical source-layer scope.
AL181974,AL181974,UNNAMED,1974,1974-10-04,1974-10-09,,TS_OR_LOWER,Mild,45,knots,NOAA_NHC_HURDAT2,NHC_HURDAT2_ATLANTIC_1851_2025_2026_02_27,header_line:33312,RECONSTRUCTED,SOURCE_SUPPORTED_COUNTRY_EVIDENCE,unique HURDAT storm retained when at least one canonical source-supported event-country row exists,Source-based reconstruction; not exact recovery of the unpublished Balcik event table. Two-week period unresolved and out of R6-I historical source-layer scope.
AL181984,AL181984,KLAUS,1984,1984-11-05,1984-11-13,,H1,Mild,80,knots,NOAA_NHC_HURDAT2,NHC_HURDAT2_ATLANTIC_1851_2025_2026_02_27,header_line:37164,RECONSTRUCTED,SOURCE_SUPPORTED_COUNTRY_EVIDENCE,unique HURDAT storm retained when at least one canonical source-supported event-country row exists,Source-based reconstruction; not exact recovery of the unpublished Balcik event table. Two-week period unresolved and out of R6-I historical source-layer scope.
AL182003,AL182003,MINDY,2003,2003-10-10,2003-10-14,,TS_OR_LOWER,Mild,40,knots,NOAA_NHC_HURDAT2,NHC_HURDAT2_ATLANTIC_1851_2025_2026_02_27,header_line:45201,RECONSTRUCTED,SOURCE_SUPPORTED_COUNTRY_EVIDENCE,unique HURDAT storm retained when at least one canonical source-supported event-country row exists,Source-based reconstruction; not exact recovery of the unpublished Balcik event table. Two-week period unresolved and out of R6-I historical source-layer scope.
AL182005,AL182005,RITA,2005,2005-09-18,2005-09-26,,H5,Very Strong,155,knots,NOAA_NHC_HURDAT2,NHC_HURDAT2_ATLANTIC_1851_2025_2026_02_27,header_line:46566,RECONSTRUCTED,SOURCE_SUPPORTED_COUNTRY_EVIDENCE,unique HURDAT storm retained when at least one canonical source-supported event-country row exists,Source-based reconstruction; not exact recovery of the unpublished Balcik event table. Two-week period unresolved and out of R6-I historical source-layer scope.
AL182012,AL182012,SANDY,2012,2012-10-21,2012-10-31,,H3,Strong,100,knots,NOAA_NHC_HURDAT2,NHC_HURDAT2_ATLANTIC_1851_2025_2026_02_27,header_line:50448,RECONSTRUCTED,SOURCE_SUPPORTED_COUNTRY_EVIDENCE,unique HURDAT storm retained when at least one canonical source-supported event-country row exists,Source-based reconstruction; not exact recovery of the unpublished Balcik event table. Two-week period unresolved and out of R6-I historical source-layer scope.
AL192010,AL192010,RICHARD,2010,2010-10-19,2010-10-26,,H2,Mild,85,knots,NOAA_NHC_HURDAT2,NHC_HURDAT2_ATLANTIC_1851_2025_2026_02_27,header_line:49170,RECONSTRUCTED,SOURCE_SUPPORTED_COUNTRY_EVIDENCE,unique HURDAT storm retained when at least one canonical source-supported event-country row exists,Source-based reconstruction; not exact recovery of the unpublished Balcik event table. Two-week period unresolved and out of R6-I historical source-layer scope.
AL211981,AL211981,KATRINA,1981,1981-11-03,1981-11-07,,H1,Mild,75,knots,NOAA_NHC_HURDAT2,NHC_HURDAT2_ATLANTIC_1851_2025_2026_02_27,header_line:36469,RECONSTRUCTED,SOURCE_SUPPORTED_COUNTRY_EVIDENCE,unique HURDAT storm retained when at least one canonical source-supported event-country row exists,Source-based reconstruction; not exact recovery of the unpublished Balcik event table. Two-week period unresolved and out of R6-I historical source-layer scope.
AL212010,AL212010,TOMAS,2010,2010-10-29,2010-11-10,,H2,Mild,85,knots,NOAA_NHC_HURDAT2,NHC_HURDAT2_ATLANTIC_1851_2025_2026_02_27,header_line:49210,RECONSTRUCTED,SOURCE_SUPPORTED_COUNTRY_EVIDENCE,unique HURDAT storm retained when at least one canonical source-supported event-country row exists,Source-based reconstruction; not exact recovery of the unpublished Balcik event table. Two-week period unresolved and out of R6-I historical source-layer scope.
AL221971,AL221971,LAURA,1971,1971-11-12,1971-11-22,,TS_OR_LOWER,Mild,60,knots,NOAA_NHC_HURDAT2,NHC_HURDAT2_ATLANTIC_1851_2025_2026_02_27,header_line:32150,RECONSTRUCTED,SOURCE_SUPPORTED_COUNTRY_EVIDENCE,unique HURDAT storm retained when at least one canonical source-supported event-country row exists,Source-based reconstruction; not exact recovery of the unpublished Balcik event table. Two-week period unresolved and out of R6-I historical source-layer scope.
AL252005,AL252005,WILMA,2005,2005-10-15,2005-10-26,,H5,Very Strong,160,knots,NOAA_NHC_HURDAT2,NHC_HURDAT2_ATLANTIC_1851_2025_2026_02_27,header_line:46693,RECONSTRUCTED,SOURCE_SUPPORTED_COUNTRY_EVIDENCE,unique HURDAT storm retained when at least one canonical source-supported event-country row exists,Source-based reconstruction; not exact recovery of the unpublished Balcik event table. Two-week period unresolved and out of R6-I historical source-layer scope.
AL262005,AL262005,ALPHA,2005,2005-10-22,2005-10-24,,TS_OR_LOWER,Mild,45,knots,NOAA_NHC_HURDAT2,NHC_HURDAT2_ATLANTIC_1851_2025_2026_02_27,header_line:46742,RECONSTRUCTED,SOURCE_SUPPORTED_COUNTRY_EVIDENCE,unique HURDAT storm retained when at least one canonical source-supported event-country row exists,Source-based reconstruction; not exact recovery of the unpublished Balcik event table. Two-week period unresolved and out of R6-I historical source-layer scope.
AL282005,AL282005,GAMMA,2005,2005-11-14,2005-11-22,,TS_OR_LOWER,Mild,45,knots,NOAA_NHC_HURDAT2,NHC_HURDAT2_ATLANTIC_1851_2025_2026_02_27,header_line:46773,RECONSTRUCTED,SOURCE_SUPPORTED_COUNTRY_EVIDENCE,unique HURDAT storm retained when at least one canonical source-supported event-country row exists,Source-based reconstruction; not exact recovery of the unpublished Balcik event table. Two-week period unresolved and out of R6-I historical source-layer scope.
